
34
f:\dropbox\proj\code\dev\plume\plume\plume-data\cli\init.lua
1781427059
local A,B,C,D,E,F,G,H,I,J,K,L,M,N,O,P="613","561","113","function","os","getenv","arg","print","package","path","require","io","stderr","write","comment","string";return {{{B,1,1,1,1,"main_chunk"},{A,18,75,75},{A,37,68,68},{A,38,66,66},{A,43,65,65},{B,76,7,45,7,D,"winCheckTerminalCapabilities"},{C,77,25,29,"pcall"},{C,77,31,37,K},{"611",101,1,1},{B,115,7,30,2,D,"getErrorStyle"},{C,116,9,10,E,{F}},{B,119,7,25,2,D,"getColor"},{C,120,9,10,E,{F}},{B,123,7,26,24,D,"parseArgs"},{B,127,8,25,2,D,"getNext"},{C,129,10,12,G,{true}},{C,130,4,8,H},{C,130,47,49,G,{true}},{C,133,10,12,G,{true}},{C,137,12,14,G},{C,141,16,18,G},{C,142,19,21,G,{true}},{C,175,4,8,H},{B,207,7,21,10,D,"main"},{"112",213,2,8,I,{J}},{C,213,17,19,G,{false}},{C,213,38,44,I,{J}},{C,214,16,22,K},{C,216,3,7,H},{C,218,3,7,H},{C,231,18,19,L,{"open"}},{C,233,7,8,L,{M,N}},{C,239,5,9,H},{C,242,4,5,L,{M,N}}},{},{4,27,0,26,57,2,0,15,4,71,0,8,16,0,11,68,69,75,56,0,70,67,12,0,7,19,68,0,22,45,0,20,65,70,0,33,68,66,43,15,0,28,65,63,15,0,11,54,0,14,67,0,21,18,77,12,75,11,67,0,7,10,0,7,41,2,0,18,18,19,17,20,18,1,0,45,45,22,21,4,0,11,23,67,65,38,36,3,0,30,50,22,0,53,58,21,4,0,40,29,1,48,64,53,24,5,4,0,46,50,0,41,3,0,30,48,3,0,25,42,3,0,26,16,14,0,25,15,22,64,9,5,17,4,0,26,19,22,4,0,21,26,40,0,30,33,33,10,6,35,31,31,10,6,35,34,34,10,6,36,26,33,23,40,30,30,10,6,34,25,25,10,6,6,73,9,5,0,15,4,0,53,48,0,58,54,0,35,18,29,7,29,6,5,30,15,25,7,24,6,5,4,0,12,3,0,21,25,17,8,4,0,49,47,22,49,29,35,51,23,0,28,80,6,90,5,0,17,30,30,50,21,50,12,8,23,16,7,17,6,6,34,5,4,3,0,6},{O,O,O,O,O,[8]=P,[9]=P,[10]=P,[11]=P,[12]=P,[13]=P,[14]=P,[15]=P,[16]=P,[17]=P,[18]=P,[19]=P,[20]=P,[21]=P,[22]=P,[23]=P,[24]=P,[25]=P,[26]=P,[27]=P,[28]=P,[29]=P,[30]=P,[31]=P,[32]=P,[33]=P,[34]=P,[35]=P,[36]=P,[37]=P,[38]=P,[39]=P,[40]=P,[41]=P,[42]=P,[43]=P,[44]=P,[45]=P,[46]=P,[47]=P,[48]=P,[49]=P,[50]=P,[51]=P,[52]=P,[53]=P,[54]=P,[55]=P,[56]=P,[57]=P,[58]=P,[59]=P,[60]=P,[61]=P,[62]=P,[63]=P,[64]=P,[65]=P,[82]=P,[83]=P,[84]=P,[85]=P,[86]=P,[87]=P,[136]=O}}
f:\dropbox\proj\code\dev\plume\plume\plume-data\compat\baseline\init.lua
1778761541
local A,B,C,D="111","113","require","comment";return {{{"561",1,1,1,1,"main_chunk"},{A,8,1,3,"lfs",nil,nil,true},{B,8,8,14,C},{A,9,1,4,"lpeg",nil,nil,true},{B,9,8,14,C},{B,11,1,7,C}},{},{4,27,0,26,57,2,0,20,21,0,19},{D,D,D,D,D}}
f:\dropbox\proj\code\dev\plume\plume\plume-data\compat\wasmoon\bit.lua
1778761541
local A,B,C="561","function","comment";return {{{A,1,1,1,1,"main_chunk"},{"111",8,1,3,"bit",nil,nil,true},{A,9,9,23,1,B,"bit.band"},{A,12,11,25,1,B,"bit.lshift"},{A,15,11,25,1,B,"bit.rshift"},{A,18,8,25,1,B,"bit.bor"}},{},{4,27,0,26,57,2,0,7,23,14,5,25,15,5,25,15,5,25,18,4,1},{C,C,C,C,C}}
f:\dropbox\proj\code\dev\plume\plume\plume-data\compat\wasmoon\init.lua
1778761541
local A,B,C="113","require","comment";return {{{"561",1,1,1,1,"main_chunk"},{A,8,1,7,B},{A,9,1,7,B},{A,10,1,7,B},{A,11,1,7,B},{A,12,1,7,B}},{},{4,27,0,26,57,2,0,39,39,40,40,41,0},{C,C,C,C,C}}
f:\dropbox\proj\code\dev\plume\plume\plume-data\compat\wasmoon\lfs.lua
1778761541
local A,B="561","comment";return {{{A,1,1,1,1,"main_chunk"},{"111",8,1,3,"lfs",nil,nil,true},{A,9,15,25,2,"function","lfs.currentdir"},{"113",11,18,19,"io",{"popen"}}},{},{4,27,0,26,57,2,0,7,25,18,30,35,31,16,32,12,4,1},{B,B,B,B,B}}
f:\dropbox\proj\code\dev\plume\plume\plume-data\compat\wasmoon\lpeg.lua
1778761541
local A="comment";return {{{"561",1,1,1,1,"main_chunk"},{"111",8,1,4,"lpeg",nil,nil,true},{"113",8,8,14,"require"}},{},{4,27,0,26,57,2,0,56},{A,A,A,A,A}}
f:\dropbox\proj\code\dev\plume\plume\plume-data\compat\wasmoon\math.lua
1778761541
local A,B,C,D,E,F="math","112","561","function","113","comment";return {{{C,1,1,1,1,"main_chunk"},{B,8,1,4,A,{"mod"}},{E,8,12,15,A,{"fmod"}},{B,9,1,4,A,{"pow"}},{C,9,12,26,1,D,"math.pow"},{B,12,1,4,A,{"atan2"}},{C,12,14,28,1,D,"math.atan2"},{E,13,9,12,A,{"atan"}}},{},{4,27,0,26,57,2,0,20,26,11,3,28,22,3},{F,F,F,F,F}}
f:\dropbox\proj\code\dev\plume\plume\plume-data\compat\wasmoon\table.lua
1778761541
local A,B,C,D="561","table","unpack","comment";return {{{A,1,1,1,1,"main_chunk"},{"112",8,1,5,B,{"new"}},{A,8,13,22,1,"function","table.new"},{"111",11,1,6,C,nil,nil,true},{"113",11,10,14,B,{C}}},{},{4,27,0,26,57,2,0,22,10,3,21},{D,D,D,D,D}}
f:\dropbox\proj\code\dev\plume\plume\plume-data\engine\config.lua
1778761541
local A,B,C,D,E="561","113","bit","lshift","comment";return {{{A,1,1,1,1,"main_chunk"},{A,8,8,22,1,"function"},{B,17,23,25,C,{D}},{B,18,23,25,C,{D}},{B,19,23,25,C,{D}}},{},{4,27,0,26,57,2,0,22,25,28,28,23,23,24,38,56,54,56,56,28,3},{E,E,E,E,E,[9]=E,[10]=E,[11]=E,[20]=E}}
f:\dropbox\proj\code\dev\plume\plume\plume-data\engine\engine-opt.lua
1781427563
local A,B,C,D,E,F,G,H,I,J,K,L,M,N,O,P,Q,R,S,T,U,V,W,X,Y,Z,a,b,c,d,e,f,g,h,i,j,k,l,m,n,o,p,q,r="561","function","_STAT_REGISTER","stats","ophist","113","112","opseq","table","new","111","globalStackCache","bit","lshift","211","op","411","arg1","arg2","421","231","value","insert","tonumber","213","remove","type","i","vm","_","ipairs","311","allocationCount","531","string","format","tostring","flag","result","532","nx","_CALL","meta","comment";return {{{A,1,1,1,1,"main_chunk"},{A,10,8,23,1,B},{A,11,5,56,559,B,"plume._run"},{A,12,9,40,2,B,C},{K,12,18,31,C},{"212",12,34,35,c},{G,13,13,17,D,{E}},{F,13,30,34,D,{E}},{F,13,45,49,D,{"histmask"}},{G,14,13,17,D,{H,true}},{F,14,25,29,D,{E}},{F,14,46,50,D,{H,true}},{F,14,58,62,D,{E}},{"412",16,15,21,"runtime",11,26,32},{F,21,27,31,I,{J}},{F,22,33,37,I,{J}},{F,25,31,35,I,{J}},{F,26,37,41,I,{J}},{F,29,28,32,I,{J}},{F,30,30,34,I,{J}},{F,32,27,31,I,{J}},{F,35,28,32,I,{J}},{F,37,32,36,I,{J}},{F,39,26,30,I,{J}},{F,43,30,34,I,{J}},{K,45,9,24,L},{F,45,28,43,L},{F,45,48,52,I,{J}},{F,46,35,39,I,{J}},{O,48,15,18,l},{F,59,25,27,M,{N}},{F,60,27,29,M,{N}},{F,61,27,29,M,{N}},{F,62,22,24,M,{"band"}},{F,63,24,26,M,{"rshift"}},{F,66,31,35,"pairs"},{F,70,21,25,I,{W}},{O,74,15,16,P},{O,74,19,22,R},{O,74,25,28,S},{O,74,38,43,"vmserr"},{Q,80,19,20,P,74,15,16},{Q,80,23,26,R,74,19,22},{Q,80,29,32,S,74,25,28},{U,94,27,31,"_ret7"},{T,106,27,30,S,80,29,32},{T,113,27,30,R,80,23,26},{T,120,27,28,P,80,19,20},{"542",147,47,50},{U,286,51,56,"_ret29"},{T,332,59,63,V,326,51,55},{T,344,63,67,V,326,51,55},{T,353,67,71,V,326,51,55},{F,415,49,53,I,{W}},{F,435,61,65,I,{Z}},{Y,462,53,53,d},{F,462,72,77,e},{F,535,71,75,I,{J}},{T,545,59,63,V,540,59,63},{T,552,59,63,V,540,59,63},{T,559,59,63,V,540,59,63},{T,567,59,63,V,540,59,63},{T,574,59,63,V,540,59,63},{T,581,59,63,V,540,59,63},{F,587,51,58,X},{F,589,49,53,I,{W}},{F,658,51,58,X},{Y,673,65,65,b},{F,674,65,69,I,{Z}},{F,688,64,67,a},{F,688,127,130,a},{F,688,162,165,a},{F,690,56,63,X},{Y,715,69,69,b},{F,716,69,73,I,{Z}},{Y,787,73,73,b},{F,788,73,77,I,{Z}},{F,810,41,59,"TABLE_REGISTER_SELF"},{F,810,62,63,c},{F,861,45,49,I,{W}},{F,868,45,49,I,{W}},{F,869,45,49,I,{W}},{F,880,60,63,a},{F,880,123,126,a},{F,880,158,161,a},{Y,883,53,53,d},{F,883,64,69,e},{Y,888,53,53,d},{F,888,63,68,e},{F,890,60,67,X},{Y,913,61,61,b},{F,914,61,65,I,{Z}},{Y,952,61,61,b},{F,953,61,65,I,{Z}},{n,1064,49,69},{Y,1078,61,61,b},{F,1079,61,65,I,{Z}},{Y,1111,49,49,b},{U,1132,47,53,"_ret101"},{T,1165,75,79,V,1159,59,63},{F,1174,65,69,I,{W}},{T,1185,67,71,V,1159,59,63},{T,1195,79,83,V,1159,59,63},{Y,1210,77,77,b},{F,1211,77,81,I,{Z}},{F,1228,73,77,I,{W}},{h,1244,45,98},{F,1278,62,66,I,{"concat"}},{U,1282,55,61,"_ret115"},{F,1299,61,64,a},{F,1299,139,142,a},{F,1299,184,187,a},{Y,1335,65,65,b},{F,1336,65,69,I,{Z}},{f,1351,57,71,g},{Y,1357,61,61,b},{T,1395,83,87,V,1389,67,71},{F,1404,73,77,I,{W}},{T,1415,75,79,V,1389,67,71},{T,1425,87,91,V,1389,67,71},{Y,1440,85,85,b},{F,1441,85,89,I,{Z}},{F,1458,81,85,I,{W}},{Y,1485,69,69,b},{F,1486,69,73,I,{Z}},{Y,1508,69,69,b},{F,1509,69,73,I,{Z}},{Y,1531,69,69,b},{F,1532,69,73,I,{Z}},{F,1555,57,61,I,{W}},{Y,1566,73,73,b},{F,1567,73,77,I,{Z}},{Y,1618,65,65,b},{F,1619,65,69,I,{Z}},{f,1634,57,71,g},{Y,1640,61,61,b},{T,1678,83,87,V,1672,67,71},{F,1687,73,77,I,{W}},{T,1698,75,79,V,1672,67,71},{T,1708,87,91,V,1672,67,71},{Y,1723,85,85,b},{F,1724,85,89,I,{Z}},{F,1741,81,85,I,{W}},{Y,1768,69,69,b},{F,1769,69,73,I,{Z}},{Y,1791,69,69,b},{F,1792,69,73,I,{Z}},{Y,1814,69,69,b},{F,1815,69,73,I,{Z}},{F,1838,57,61,I,{W}},{Y,1849,73,73,b},{F,1850,73,77,I,{Z}},{U,1880,55,61,"_ret181"},{T,1913,83,87,V,1907,67,71},{F,1922,73,77,I,{W}},{T,1933,75,79,V,1907,67,71},{T,1943,87,91,V,1907,67,71},{Y,1958,85,85,b},{F,1959,85,89,I,{Z}},{F,1976,81,85,I,{W}},{h,1992,53,106},{F,2006,49,53,I,{W}},{Y,2017,65,65,b},{F,2018,65,69,I,{Z}},{F,2063,74,78,I,{Z}},{T,2071,71,76,m,2042,64,69},{Y,2091,65,65,b},{F,2092,65,69,I,{Z}},{T,2139,83,87,V,2133,67,71},{F,2148,73,77,I,{W}},{T,2159,75,79,V,2133,67,71},{T,2169,87,91,V,2133,67,71},{Y,2184,85,85,b},{F,2185,85,89,I,{Z}},{F,2202,81,85,I,{W}},{h,2218,53,106},{Y,2243,65,65,b},{F,2244,65,69,I,{Z}},{F,2257,49,53,I,{W}},{Y,2268,65,65,b},{F,2269,65,69,I,{Z}},{U,2294,55,61,"_ret155"},{T,2327,83,87,V,2321,67,71},{F,2336,73,77,I,{W}},{T,2347,75,79,V,2321,67,71},{T,2357,87,91,V,2321,67,71},{Y,2372,85,85,b},{F,2373,85,89,I,{Z}},{F,2390,81,85,I,{W}},{h,2406,53,106},{U,2420,55,61,"_ret167"},{U,2429,55,61,"_ret143"},{T,2462,83,87,V,2456,67,71},{F,2471,73,77,I,{W}},{T,2482,75,79,V,2456,67,71},{T,2492,87,91,V,2456,67,71},{Y,2507,85,85,b},{F,2508,85,89,I,{Z}},{F,2525,81,85,I,{W}},{h,2541,53,106},{T,2567,63,67,V,2562,55,59},{F,2601,65,68,a},{F,2601,140,143,a},{F,2601,183,186,a},{Y,2613,65,65,b},{F,2614,65,69,I,{Z}},{F,2619,87,92,i,{j}},{F,2623,69,74,i,{j}},{Y,2685,61,61,b},{F,2686,61,65,I,{Z}},{F,2710,61,64,a},{F,2710,136,139,a},{F,2710,179,182,a},{Y,2736,69,69,b},{F,2737,69,73,I,{Z}},{F,2752,74,81,k},{U,2757,59,65,"_ret214"},{T,2760,63,67,V,2709,51,55},{F,2789,74,81,k},{Y,2800,65,65,b},{F,2801,65,69,I,{Z}},{U,2891,55,61,"_ret226"},{F,2957,61,64,a},{F,2957,130,133,a},{F,2957,169,172,a},{T,2959,64,67,l,48,15,18},{Y,2994,61,61,b},{F,2995,61,65,I,{Z}},{T,3088,51,54,l,48,15,18},{F,3116,59,66,X},{F,3171,49,53,"error"},{F,3171,56,61,i,{j}},{F,3211,65,72,X},{F,3212,64,71,X},{K,3215,49,54,m},{F,3217,79,84,m},{F,3222,69,72,a},{F,3222,144,147,a},{F,3222,187,190,a},{O,3224,59,60,o},{F,3226,64,71,X},{F,3231,65,72,X},{F,3236,80,84,p},{F,3236,87,88,c},{n,3243,53,76},{F,3249,69,72,a},{F,3249,141,144,a},{F,3249,182,185,a},{O,3251,59,60,o},{F,3253,64,71,X},{F,3258,64,71,X},{F,3263,80,84,p},{F,3263,87,88,c},{n,3270,53,75},{F,3278,73,76,a},{F,3278,145,148,a},{F,3278,186,189,a},{F,3280,73,76,a},{F,3280,148,151,a},{F,3280,191,194,a},{Y,3346,69,69,b},{F,3347,69,73,I,{Z}},{K,3362,53,58,m},{F,3364,83,88,m},{F,3384,65,72,X},{F,3385,64,71,X},{K,3388,49,54,m},{F,3390,79,84,m},{F,3395,69,72,a},{F,3395,144,147,a},{F,3395,187,190,a},{O,3397,59,60,o},{F,3399,64,71,X},{F,3404,65,72,X},{F,3409,80,84,p},{F,3409,87,88,c},{n,3416,53,76},{F,3422,69,72,a},{F,3422,141,144,a},{F,3422,182,185,a},{O,3424,59,60,o},{F,3426,64,71,X},{F,3431,64,71,X},{F,3436,80,84,p},{F,3436,87,88,c},{n,3443,53,75},{F,3451,73,76,a},{F,3451,145,148,a},{F,3451,186,189,a},{F,3453,73,76,a},{F,3453,148,151,a},{F,3453,191,194,a},{Y,3519,69,69,b},{F,3520,69,73,I,{Z}},{K,3535,53,58,m},{F,3537,83,88,m},{F,3559,65,72,X},{F,3560,64,71,X},{K,3563,49,54,m},{F,3565,79,84,m},{F,3570,69,72,a},{F,3570,144,147,a},{F,3570,187,190,a},{O,3572,59,60,o},{F,3574,64,71,X},{F,3579,65,72,X},{F,3584,80,84,p},{F,3584,87,88,c},{n,3591,53,76},{F,3597,69,72,a},{F,3597,141,144,a},{F,3597,182,185,a},{O,3599,59,60,o},{F,3601,64,71,X},{F,3606,64,71,X},{F,3611,80,84,p},{F,3611,87,88,c},{n,3618,53,75},{F,3626,73,76,a},{F,3626,145,148,a},{F,3626,186,189,a},{F,3628,73,76,a},{F,3628,148,151,a},{F,3628,191,194,a},{Y,3694,69,69,b},{F,3695,69,73,I,{Z}},{K,3710,53,58,m},{F,3712,83,88,m},{F,3732,65,72,X},{F,3733,64,71,X},{K,3736,49,54,m},{F,3738,79,84,m},{F,3743,69,72,a},{F,3743,144,147,a},{F,3743,187,190,a},{O,3745,59,60,o},{F,3747,64,71,X},{F,3752,65,72,X},{F,3757,80,84,p},{F,3757,87,88,c},{n,3764,53,76},{F,3770,69,72,a},{F,3770,141,144,a},{F,3770,182,185,a},{O,3772,59,60,o},{F,3774,64,71,X},{F,3779,64,71,X},{F,3784,80,84,p},{F,3784,87,88,c},{n,3791,53,75},{F,3799,73,76,a},{F,3799,145,148,a},{F,3799,186,189,a},{F,3801,73,76,a},{F,3801,148,151,a},{F,3801,191,194,a},{Y,3867,69,69,b},{F,3868,69,73,I,{Z}},{K,3883,53,58,m},{F,3885,83,88,m},{F,3909,65,68,a},{F,3909,128,131,a},{F,3909,163,166,a},{O,3911,55,56,o},{F,3913,60,67,X},{F,3918,57,64,X},{T,3921,63,66,q,3906,56,59},{F,3923,76,80,p},{F,3923,83,84,c},{n,3930,49,68},{T,3937,59,62,q,3906,56,59},{F,3938,69,72,a},{F,3938,132,135,a},{F,3938,167,170,a},{Y,3982,65,65,b},{F,3983,65,69,I,{Z}},{F,4018,65,72,X},{F,4019,64,71,X},{K,4022,49,54,m},{F,4024,79,84,m},{F,4029,69,72,a},{F,4029,144,147,a},{F,4029,187,190,a},{O,4031,59,60,o},{F,4033,64,71,X},{F,4038,65,72,X},{F,4043,80,84,p},{F,4043,87,88,c},{n,4050,53,76},{F,4056,69,72,a},{F,4056,141,144,a},{F,4056,182,185,a},{O,4058,59,60,o},{F,4060,64,71,X},{F,4065,64,71,X},{F,4070,80,84,p},{F,4070,87,88,c},{n,4077,53,75},{F,4085,73,76,a},{F,4085,145,148,a},{F,4085,186,189,a},{F,4087,73,76,a},{F,4087,148,151,a},{F,4087,191,194,a},{Y,4153,69,69,b},{F,4154,69,73,I,{Z}},{K,4169,53,58,m},{F,4171,83,88,m},{F,4193,65,72,X},{F,4194,64,71,X},{K,4197,49,54,m},{F,4199,79,84,m},{F,4204,69,72,a},{F,4204,144,147,a},{F,4204,187,190,a},{O,4206,59,60,o},{F,4208,64,71,X},{F,4213,65,72,X},{F,4218,80,84,p},{F,4218,87,88,c},{n,4225,53,76},{F,4231,69,72,a},{F,4231,141,144,a},{F,4231,182,185,a},{O,4233,59,60,o},{F,4235,64,71,X},{F,4240,64,71,X},{F,4245,80,84,p},{F,4245,87,88,c},{n,4252,53,75},{F,4260,73,76,a},{F,4260,145,148,a},{F,4260,186,189,a},{F,4262,73,76,a},{F,4262,148,151,a},{F,4262,191,194,a},{Y,4328,69,69,b},{F,4329,69,73,I,{Z}},{K,4344,53,58,m},{F,4346,83,88,m},{F,4366,65,72,X},{F,4367,64,71,X},{K,4370,49,54,m},{F,4372,79,84,m},{F,4377,69,72,a},{F,4377,144,147,a},{F,4377,187,190,a},{O,4379,59,60,o},{F,4381,64,71,X},{F,4386,65,72,X},{F,4391,80,84,p},{F,4391,87,88,c},{n,4398,53,76},{F,4404,69,72,a},{F,4404,141,144,a},{F,4404,182,185,a},{O,4406,59,60,o},{F,4408,64,71,X},{F,4413,64,71,X},{F,4418,80,84,p},{F,4418,87,88,c},{n,4425,53,75},{F,4433,73,76,a},{F,4433,145,148,a},{F,4433,186,189,a},{F,4435,73,76,a},{F,4435,148,151,a},{F,4435,191,194,a},{Y,4501,69,69,b},{F,4502,69,73,I,{Z}},{K,4517,53,58,m},{F,4519,83,88,m},{F,4546,65,68,a},{F,4546,137,140,a},{F,4546,178,181,a},{F,4548,65,68,a},{F,4548,140,143,a},{F,4548,183,186,a},{F,4605,81,88,X},{F,4605,101,108,X},{F,4605,120,127,X},{U,4755,51,57,"_ret387"},{F,4762,62,66,I,{Z}},{U,4798,51,57,"_ret391"},{F,4805,62,66,I,{Z}},{Y,4853,53,53,d},{F,4853,70,75,e},{Y,4879,49,49,d},{F,4879,59,64,e},{F,4882,52,55,a},{Y,4892,65,65,b},{F,4893,65,69,I,{Z}},{F,4907,53,57,I,{W}},{Y,4922,49,49,d},{F,4922,59,64,e},{F,4944,75,87,"_LOAD_CONTEXT"},{F,4944,90,91,c},{Y,4989,61,61,b},{F,4990,61,65,I,{Z}},{Y,5005,53,53,d},{F,5005,65,70,e},{F,5047,66,70,I,{Z}},{T,5055,63,68,m,4978,60,65},{U,5064,55,61,"_ret406"},{T,5087,55,59,V,5084,51,55},{Y,5102,61,61,b},{F,5103,61,65,I,{Z}},{Y,5163,57,57,b},{F,5164,57,61,I,{Z}},{F,5192,61,64,a},{F,5192,124,127,a},{F,5192,159,162,a},{Y,5209,61,61,b},{F,5210,61,65,I,{Z}},{F,5226,62,66,I,{Z}},{T,5234,59,64,m,5194,51,56},{F,5255,61,64,a},{F,5255,124,127,a},{F,5255,159,162,a},{F,5259,62,66,I,{Z}},{F,5287,59,66,X},{F,5288,58,65,X},{F,5289,58,65,X},{U,5290,51,57,"_ret420"},{F,5292,65,68,a},{F,5292,140,143,a},{F,5292,183,186,a},{Y,5308,69,69,b},{F,5309,69,73,I,{Z}},{U,5332,51,57,"_ret422"},{F,5334,65,68,a},{F,5334,137,140,a},{F,5334,178,181,a},{Y,5350,69,69,b},{F,5351,69,73,I,{Z}},{U,5370,51,57,"_ret424"},{F,5372,65,68,a},{F,5372,137,140,a},{F,5372,178,181,a},{Y,5388,69,69,b},{F,5389,69,73,I,{Z}},{F,5408,53,60,X},{F,5409,52,59,X},{F,5413,62,66,I,{Z}},{U,5446,51,57,"_ret428"},{F,5448,65,68,a},{F,5448,146,149,a},{F,5448,193,196,a},{Y,5464,69,69,b},{F,5465,69,73,I,{Z}},{F,5487,62,66,I,{Z}},{U,5514,51,57,"_ret432"},{F,5516,65,68,a},{F,5516,146,149,a},{F,5516,193,196,a},{Y,5532,69,69,b},{F,5533,69,73,I,{Z}},{F,5555,62,66,I,{Z}},{F,5588,65,68,a},{F,5588,164,167,a},{F,5588,223,226,a},{Y,5604,69,69,b},{F,5605,69,73,I,{Z}},{"422",5630,59,63,"chunk",11,35,39},{F,5633,67,68,"io",{"open"}},{F,5636,72,76,"pcall"},{Y,5641,61,61,d},{F,5641,71,76,e},{F,5645,65,69,I,{W}},{Y,5673,69,69,b},{F,5674,69,73,I,{Z}},{Y,5697,65,65,b},{F,5698,65,69,I,{Z}}},{},{4,27,0,26,57,2,0,35,55,23,56,40,71,76,11,31,41,43,35,21,47,52,34,40,51,56,38,44,48,49,32,46,35,34,47,35,48,39,46,30,22,37,49,38,67,54,37,23,28,26,28,28,29,37,41,41,36,46,51,55,55,29,33,30,27,52,15,58,30,79,19,15,11,43,20,25,39,15,37,32,24,14,28,18,71,34,19,48,71,15,26,41,18,31,22,73,79,37,23,31,22,73,79,37,23,38,31,22,73,79,37,23,38,32,22,73,79,38,23,37,56,19,52,16,32,29,28,20,31,19,29,42,51,26,55,28,46,15,48,48,27,31,35,38,42,46,50,40,42,73,83,79,43,39,36,50,79,74,40,79,75,39,35,32,46,50,79,75,40,42,56,46,60,50,128,66,51,60,50,129,66,51,63,47,83,80,43,39,36,50,42,56,46,87,93,62,47,62,56,46,85,60,50,122,66,51,74,62,65,83,69,52,89,64,54,130,70,55,69,51,84,80,68,58,106,74,59,77,74,78,59,55,51,47,61,62,55,60,50,100,66,51,87,84,48,87,93,47,43,40,42,56,46,96,62,47,72,83,107,43,39,35,31,28,43,47,50,42,56,46,87,93,62,47,46,60,50,126,66,51,96,47,43,40,42,56,46,87,93,62,47,43,39,36,51,42,56,46,96,62,47,72,56,46,87,93,62,47,86,43,40,42,56,46,87,93,62,47,62,56,46,87,93,62,47,64,56,46,85,60,50,122,66,51,74,62,65,83,69,52,89,64,54,130,70,55,69,51,84,80,68,58,106,74,59,77,74,78,59,55,51,47,61,69,43,39,35,32,47,51,42,56,46,60,50,118,66,51,74,47,65,109,43,40,42,56,46,60,50,118,66,51,74,47,65,78,90,71,62,68,43,39,36,51,42,56,46,87,93,62,47,62,77,67,87,48,75,47,43,40,42,56,46,87,93,62,47,62,56,46,89,62,47,60,90,71,64,73,69,47,43,39,35,31,27,24,39,43,47,51,42,56,46,89,62,47,64,71,117,79,80,94,51,65,85,68,58,108,74,59,99,89,125,80,82,89,72,62,101,76,66,158,82,67,90,78,101,99,85,68,105,80,70,166,86,71,85,67,100,96,84,74,122,90,75,106,90,94,75,71,67,63,77,83,59,56,68,58,72,62,160,78,63,106,59,77,84,55,104,51,47,43,40,79,89,39,36,51,42,63,61,60,50,91,97,66,51,62,60,50,91,97,66,51,60,60,50,91,97,66,51,58,48,60,50,91,97,66,51,58,60,50,91,97,66,51,60,60,50,91,97,66,51,62,47,54,71,68,74,76,60,72,91,83,91,85,103,114,91,85,91,87,91,83,91,88,54,87,74,77,55,91,86,54,105,115,105,97,105,97,88,105,102,55,54,105,117,105,97,105,97,88,105,102,55,51,47,60,68,47,43,40,42,56,46,87,93,62,47,60,56,46,87,93,62,47,62,71,64,65,91,87,52,54,75,92,93,77,81,63,59,77,108,96,63,101,99,92,120,99,100,60,102,59,55,51,48,169,65,69,53,74,76,68,55,74,76,68,55,51,69,69,95,91,56,58,79,96,97,81,85,67,63,81,112,100,67,105,103,96,123,103,104,64,105,63,59,55,52,78,72,95,91,56,73,99,95,89,94,111,122,99,93,99,91,99,96,62,95,82,85,63,99,94,62,113,138,113,105,113,105,96,113,110,63,62,113,125,113,105,113,105,96,113,110,63,60,62,83,100,101,85,89,71,67,85,116,104,71,109,107,100,130,107,108,68,112,67,63,59,55,51,47,43,39,35,32,47,51,76,40,42,56,46,87,93,62,47,60,56,46,87,93,62,47,62,56,46,87,93,62,47,64,69,43,39,36,51,42,56,46,60,50,105,66,51,60,50,103,66,51,63,47,60,56,46,87,93,62,47,68,56,46,87,93,62,47,68,71,43,40,42,56,46,87,93,62,47,60,165,61,65,79,51,91,86,51,77,51,73,57,95,98,95,89,58,91,78,81,59,55,51,48,50,71,88,89,73,77,59,55,73,104,92,59,97,95,88,116,95,96,56,98,55,51,47,43,39,35,31,28,43,47,51,42,56,46,89,62,47,62,64,50,71,88,89,73,77,59,55,73,104,92,59,97,95,88,117,95,96,56,99,55,51,47,43,40,42,56,46,87,93,62,47,60,56,46,87,93,62,47,64,83,75,83,80,46,79,66,69,47,83,79,83,75,43,39,36,51,42,56,46,89,62,47,63,75,56,46,103,62,47,64,64,46,89,71,70,82,72,81,51,71,78,92,61,78,55,51,81,51,71,78,55,51,80,51,71,78,55,51,74,108,182,75,55,85,129,75,55,52,72,86,69,75,56,129,75,55,70,83,71,51,69,47,62,77,61,50,71,88,89,73,77,59,55,73,104,92,59,97,95,88,85,95,96,56,67,55,51,47,75,62,69,43,40,42,75,62,65,43,39,35,32,47,51,42,79,103,111,69,95,91,47,43,40,42,57,46,107,113,63,47,78,43,39,36,51,91,102,40,53,42,84,46,68,61,50,105,67,51,75,80,80,76,67,91,94,81,71,66,85,90,65,54,113,71,55,73,70,79,62,77,66,134,83,67,118,63,93,81,96,96,102,63,92,60,113,59,83,56,87,69,58,117,75,59,75,77,73,80,66,81,70,138,87,71,121,67,64,66,87,104,105,89,93,75,71,89,120,108,75,113,111,104,126,111,112,72,108,71,67,63,60,81,84,104,110,71,100,92,105,67,88,82,63,59,84,55,83,51,152,47,98,46,61,50,103,109,67,51,78,47,83,85,65,43,39,35,31,27,23,20,35,39,43,47,51,42,57,46,101,63,47,65,76,64,102,68,71,46,61,50,103,109,67,51,47,43,40,42,57,46,87,93,63,47,66,196,61,54,64,112,65,87,67,98,65,83,67,51,47,64,60,91,86,91,88,54,88,75,77,55,51,102,54,75,92,93,77,81,63,59,77,108,96,63,101,99,92,159,99,100,60,141,59,55,52,128,81,93,55,54,92,115,117,88,107,103,59,55,92,54,76,69,58,113,75,59,83,88,88,84,75,85,103,106,59,89,79,74,93,98,73,62,121,79,63,81,78,113,70,85,74,142,91,75,126,71,101,89,104,104,110,71,100,68,121,67,91,64,95,77,66,125,83,67,83,140,81,88,74,89,78,146,95,79,129,75,72,74,95,112,113,97,101,83,79,97,128,116,83,121,119,112,134,119,120,80,116,79,75,71,68,89,92,112,118,79,108,100,113,75,96,90,71,67,92,63,91,59,160,55,163,88,58,79,96,97,81,85,67,63,81,112,100,67,105,103,96,210,103,104,64,192,63,59,107,58,79,96,97,81,85,67,63,81,112,100,67,105,103,96,169,103,104,64,151,63,59,76,58,79,96,97,81,85,67,63,81,112,100,67,105,103,96,141,103,104,64,123,63,59,56,85,62,77,66,134,83,67,137,63,59,152,89,62,83,100,101,85,89,71,67,85,116,104,71,109,107,100,122,107,108,68,104,67,63,59,58,73,62,115,121,79,63,90,59,97,94,76,55,51,95,87,70,60,91,86,91,88,54,88,75,77,55,51,108,54,75,92,93,77,81,63,59,77,108,96,63,101,99,92,171,99,100,60,153,59,55,52,140,87,93,55,54,92,115,117,94,107,103,59,55,92,54,76,69,58,113,75,59,83,88,88,84,75,91,103,106,59,89,79,74,93,98,73,62,121,79,63,81,78,119,70,85,74,142,91,75,126,71,101,89,104,104,110,71,100,68,121,67,91,64,95,77,66,125,83,67,83,152,81,88,74,89,78,146,95,79,129,75,72,74,95,112,113,97,101,83,79,97,128,116,83,121,119,112,134,119,120,80,116,79,75,71,68,89,92,112,118,79,108,100,113,75,96,90,71,67,92,63,91,59,160,55,163,88,58,79,96,97,81,85,67,63,81,112,100,67,105,103,96,228,103,104,64,210,63,59,113,58,79,96,97,81,85,67,63,81,112,100,67,105,103,96,181,103,104,64,163,63,59,76,58,79,96,97,81,85,67,63,81,112,100,67,105,103,96,147,103,104,64,129,63,59,56,91,62,77,66,134,83,67,143,63,59,158,89,62,83,100,101,85,89,71,67,85,116,104,71,109,107,100,122,107,108,68,104,67,63,59,58,73,62,115,121,79,63,90,59,97,94,82,55,51,95,100,71,61,50,92,54,76,69,58,113,75,59,83,88,88,84,75,99,102,89,79,74,93,98,73,62,121,79,63,81,78,87,70,85,74,142,91,75,126,71,101,89,104,104,110,71,100,68,121,67,91,64,95,77,66,125,83,67,83,85,81,88,74,89,78,146,95,79,129,75,72,74,95,112,113,97,101,83,79,97,128,116,83,121,119,112,134,119,120,80,116,79,75,71,68,89,92,112,118,79,108,100,113,75,96,90,71,67,92,63,91,59,160,55,106,54,69,58,111,117,75,59,86,55,91,93,73,51,144,81,54,75,92,93,77,81,63,59,77,108,96,63,101,99,92,114,99,100,60,96,59,55,51,61,50,93,67,51,61,50,91,97,67,51,129,63,73,70,55,91,88,68,58,109,121,109,101,109,101,93,109,107,59,56,58,105,86,77,66,107,113,83,67,86,105,103,95,96,103,104,63,59,55,52,54,75,92,93,77,81,63,59,77,108,96,63,101,99,92,92,99,100,60,74,59,55,51,71,61,50,92,54,76,69,58,113,75,59,83,88,88,84,75,99,102,89,79,74,93,98,73,62,121,79,63,81,78,87,70,85,74,142,91,75,126,71,101,89,104,104,110,71,100,68,121,67,91,64,95,77,66,125,83,67,83,85,81,88,74,89,78,146,95,79,129,75,72,74,95,112,113,97,101,83,79,97,128,116,83,121,119,112,134,119,120,80,116,79,75,71,68,89,92,112,118,79,108,100,113,75,96,90,71,67,92,63,91,59,160,55,106,54,69,58,111,117,75,59,86,55,91,93,73,51,68,116,54,75,92,93,77,81,63,59,77,108,96,63,101,99,92,174,99,100,60,156,59,55,51,144,81,54,75,92,93,77,81,63,59,77,108,96,63,101,99,92,114,99,100,60,96,59,55,51,50,101,105,101,93,101,93,85,101,99,51,70,61,50,92,54,76,69,58,113,75,59,83,88,88,84,75,99,102,89,79,74,93,98,73,62,121,79,63,81,78,87,70,85,74,142,91,75,126,71,101,89,104,104,110,71,100,68,121,67,91,64,95,77,66,125,83,67,83,85,81,88,74,89,78,146,95,79,129,75,72,74,95,112,113,97,101,83,79,97,128,116,83,121,119,112,134,119,120,80,116,79,75,71,68,89,92,112,118,79,108,100,113,75,96,90,71,67,92,63,91,59,160,55,106,54,69,58,111,117,75,59,86,55,91,93,73,51,61,50,91,97,67,51,87,91,81,61,50,92,54,76,69,58,113,75,59,83,88,88,84,75,99,102,89,79,74,93,98,73,62,121,79,63,81,78,87,70,85,74,142,91,75,126,71,101,89,104,104,110,71,100,68,121,67,91,64,95,77,66,125,83,67,83,85,81,88,74,89,78,146,95,79,129,75,72,74,95,112,113,97,101,83,79,97,128,116,83,121,119,112,134,119,120,80,116,79,75,71,68,89,92,112,118,79,108,100,113,75,96,90,71,67,92,63,91,59,160,55,106,54,69,58,111,117,75,59,86,55,91,93,73,51,82,61,50,91,97,67,51,69,50,65,54,107,113,71,55,82,51,87,83,50,101,115,101,93,101,93,85,101,99,51,83,61,50,65,54,109,71,55,65,54,108,71,55,69,51,69,194,70,122,54,75,92,93,77,81,63,59,77,108,96,63,101,99,92,165,99,100,60,147,59,55,51,86,103,87,83,50,101,112,101,93,101,116,85,101,99,51,50,101,112,101,93,101,93,85,101,99,51,50,101,113,101,93,101,116,85,101,99,51,50,101,113,101,93,101,93,85,101,99,51,48,50,71,88,89,73,77,59,55,73,104,92,59,97,95,88,113,95,96,56,95,55,51,47,43,39,36,51,42,57,46,89,63,47,65,190,61,66,80,71,69,86,87,92,139,104,94,99,67,88,83,56,58,79,96,97,81,85,67,63,81,112,100,67,105,103,96,96,103,104,64,78,63,59,55,52,84,89,51,69,103,60,65,54,95,101,71,55,103,114,91,87,91,88,54,88,75,77,55,91,86,54,105,117,105,97,105,97,89,105,103,55,74,84,89,52,54,75,92,93,77,81,63,59,77,108,96,63,101,99,92,119,99,100,60,101,59,55,51,47,43,40,42,57,46,87,93,63,47,64,57,65,63,67,47,58,62,59,59,47,43,39,35,32,47,51,42,57,46,87,93,63,47,64,57,65,63,67,47,58,62,63,59,47,43,40,42,57,46,87,93,63,47,64,65,59,47,43,39,36,51,42,57,46,89,63,47,64,57,65,63,67,47,58,62,63,61,50,91,97,67,51,59,47,43,40,51,39,35,31,28,43,47,51,42,57,46,89,63,47,64,57,65,63,67,47,58,62,59,59,47,43,40,42,57,46,89,63,47,64,57,65,63,67,47,58,62,63,59,47,43,39,36,51,42,57,46,87,93,63,47,63,178,64,78,59,67,75,62,52,78,51,60,83,85,84,68,84,72,55,70,52,69,69,51,77,59,63,74,48,50,71,88,89,73,77,59,55,73,104,92,59,97,95,88,119,95,96,56,101,55,51,47,83,78,83,79,61,99,110,87,81,87,84,50,84,71,73,51,87,82,50,101,113,101,93,101,93,85,101,99,51,48,87,83,47,43,40,42,57,46,61,50,113,67,51,61,50,112,67,51,65,47,63,57,46,61,50,113,67,51,61,50,116,67,51,65,47,65,57,46,61,50,113,67,51,61,50,116,67,51,65,47,64,62,70,65,68,66,52,71,51,72,72,72,66,52,66,51,74,65,78,66,52,83,75,90,51,74,65,65,88,55,73,55,51,77,66,52,83,89,100,51,75,80,79,77,52,63,103,114,91,85,91,88,54,88,75,77,55,91,86,54,105,114,105,97,105,100,89,105,103,55,54,105,117,105,97,105,97,89,105,103,55,51,48,95,55,47,60,50,65,54,122,71,55,86,51,71,63,52,91,88,51,47,43,39,35,32,47,51,42,57,46,87,93,63,47,65,57,46,87,93,63,47,64,80,78,78,88,64,87,84,48,64,70,50,198,70,60,74,79,61,127,79,59,80,78,107,98,77,103,79,60,125,79,59,55,76,51,66,78,70,50,192,70,60,74,78,61,125,79,59,78,78,106,97,77,103,79,60,124,79,59,55,75,51,66,77,68,65,54,93,196,77,202,78,119,87,74,76,126,88,73,77,122,86,73,74,76,125,87,73,74,77,59,68,111,122,99,96,74,103,100,63,99,99,99,96,62,96,83,85,63,99,94,62,113,125,113,105,113,105,97,113,111,63,59,70,55,72,68,58,79,96,97,81,85,67,63,81,112,100,67,105,103,96,102,103,104,64,84,63,59,55,52,80,68,91,88,51,47,43,40,42,57,46,87,93,63,47,65,57,46,87,93,63,47,64,80,78,78,88,64,87,84,48,64,70,50,198,70,60,74,79,61,127,79,59,80,78,107,98,77,103,79,60,125,79,59,55,76,51,66,78,70,50,192,70,60,74,78,61,125,79,59,78,78,106,97,77,103,79,60,124,79,59,55,75,51,66,77,68,65,54,93,196,77,202,78,119,87,74,76,126,88,73,77,122,86,73,74,76,125,87,73,74,77,59,68,111,122,99,96,74,103,100,63,99,99,99,96,62,96,83,85,63,99,94,62,113,125,113,105,113,105,97,113,111,63,59,70,55,72,68,58,79,96,97,81,85,67,63,81,112,100,67,105,103,96,102,103,104,64,84,63,59,55,52,80,68,91,88,51,47,43,39,36,51,42,57,46,87,93,63,47,65,57,46,87,93,63,47,64,80,78,78,88,64,87,84,48,64,70,50,198,70,60,74,79,61,127,79,59,80,78,107,98,77,103,79,60,125,79,59,55,76,51,66,78,70,50,192,70,60,74,78,61,125,79,59,78,78,106,97,77,103,79,60,124,79,59,55,75,51,66,77,68,65,54,93,196,77,202,78,119,87,74,76,126,88,73,77,122,86,73,74,76,125,87,73,74,77,59,68,111,122,99,96,74,103,100,63,99,99,99,96,62,96,83,85,63,99,94,62,113,125,113,105,113,105,97,113,111,63,59,70,55,72,68,58,79,96,97,81,85,67,63,81,112,100,67,105,103,96,102,103,104,64,84,63,59,55,52,80,68,91,88,51,47,43,40,42,57,46,87,93,63,47,65,57,46,87,93,63,47,64,80,78,78,88,64,87,84,48,64,70,50,198,70,60,74,79,61,127,79,59,80,78,107,98,77,103,79,60,125,79,59,55,76,51,66,78,70,50,192,70,60,74,78,61,125,79,59,78,78,106,97,77,103,79,60,124,79,59,55,75,51,66,77,68,65,54,93,196,77,202,78,119,87,74,76,126,88,73,77,122,86,73,74,76,125,87,73,74,77,59,68,111,122,99,96,74,103,100,63,99,99,99,96,62,96,83,85,63,99,94,62,113,125,113,105,113,105,97,113,111,63,59,70,55,72,68,58,79,96,97,81,85,67,63,81,112,100,67,105,103,96,102,103,104,64,84,63,59,55,52,80,68,91,88,51,47,43,39,35,31,27,24,39,43,47,51,42,57,46,87,93,63,47,61,59,66,46,170,66,56,70,71,57,115,75,55,68,74,99,90,73,99,75,56,117,75,55,51,68,47,62,69,55,61,50,73,174,112,81,69,55,64,107,118,95,95,95,92,58,92,79,81,59,95,90,58,109,121,109,101,109,101,93,109,107,59,55,66,51,62,64,54,75,92,93,77,81,63,59,77,108,96,63,101,99,92,89,99,100,60,71,59,55,51,48,66,87,85,47,43,40,42,57,46,87,93,63,47,65,57,46,87,93,63,47,64,80,78,78,88,64,87,84,48,64,70,50,198,70,60,74,79,61,127,79,59,80,78,107,98,77,103,79,60,125,79,59,55,76,51,66,78,70,50,192,70,60,74,78,61,125,79,59,78,78,106,97,77,103,79,60,124,79,59,55,75,51,66,77,68,65,54,93,196,77,202,78,119,87,74,76,126,88,73,77,122,86,73,74,76,125,87,73,74,77,59,68,111,122,99,96,74,103,100,63,99,99,99,96,62,96,83,85,63,99,94,62,113,125,113,105,113,105,97,113,111,63,59,70,55,72,68,58,79,96,97,81,85,67,63,81,112,100,67,105,103,96,102,103,104,64,84,63,59,55,52,80,68,91,88,51,47,43,39,36,51,42,57,46,87,93,63,47,65,57,46,87,93,63,47,64,80,78,78,88,64,87,84,48,64,70,50,198,70,60,74,79,61,127,79,59,80,78,107,98,77,103,79,60,125,79,59,55,76,51,66,78,70,50,192,70,60,74,78,61,125,79,59,78,78,106,97,77,103,79,60,124,79,59,55,75,51,66,77,68,65,54,93,196,77,202,78,119,87,74,76,126,88,73,77,122,86,73,74,76,125,87,73,74,77,59,68,111,122,99,96,74,103,100,63,99,99,99,96,62,96,83,85,63,99,94,62,113,125,113,105,113,105,97,113,111,63,59,70,55,72,68,58,79,96,97,81,85,67,63,81,112,100,67,105,103,96,102,103,104,64,84,63,59,55,52,80,68,91,88,51,47,43,40,42,57,46,87,93,63,47,65,57,46,87,93,63,47,64,80,78,78,88,64,87,84,48,64,70,50,198,70,60,74,79,61,127,79,59,80,78,107,98,77,103,79,60,125,79,59,55,76,51,66,78,70,50,192,70,60,74,78,61,125,79,59,78,78,106,97,77,103,79,60,124,79,59,55,75,51,66,77,68,65,54,93,196,77,202,78,118,86,74,76,125,87,73,77,121,85,73,74,76,124,86,73,74,77,59,68,111,122,99,96,74,103,100,63,99,99,99,96,62,96,83,85,63,99,94,62,113,125,113,105,113,105,97,113,111,63,59,70,55,72,68,58,79,96,97,81,85,67,63,81,112,100,67,105,103,96,102,103,104,64,84,63,59,55,52,80,68,91,88,51,47,43,39,35,32,47,51,42,57,46,87,93,63,47,65,57,46,87,93,63,47,64,57,46,85,188,69,194,70,110,78,66,68,117,79,65,69,113,77,65,66,68,116,78,65,66,69,51,60,103,114,91,88,66,95,92,55,91,91,91,88,54,88,75,77,55,91,86,54,105,117,105,97,105,97,89,105,103,55,51,62,47,64,60,146,87,84,47,43,40,42,57,46,87,93,63,47,65,57,46,87,93,63,47,64,57,66,63,67,47,59,62,59,57,65,63,67,47,58,62,58,74,83,81,43,39,36,51,42,57,46,87,93,63,47,61,57,62,63,67,47,55,62,55,65,83,81,43,40,42,57,46,87,93,63,47,65,57,46,87,93,63,47,64,57,66,63,67,47,59,62,59,57,65,63,67,47,58,62,58,73,83,81,43,39,35,31,28,43,47,51,42,57,46,89,63,47,83,81,43,40,42,57,46,87,93,63,47,61,57,46,87,93,63,47,61,83,75,83,75,43,39,36,51,42,46,61,50,111,117,67,51,82,47,57,46,95,100,63,47,46,93,74,65,54,95,101,71,55,74,93,91,83,84,91,92,51,47,57,46,89,95,63,47,58,43,40,42,46,61,50,111,117,67,51,82,47,57,46,87,93,63,47,46,93,74,65,54,95,101,71,55,74,93,91,83,84,91,92,51,47,76,64,50,101,105,101,93,101,93,85,101,99,51,48,61,50,93,99,67,51,62,47,43,39,35,32,47,51,42,69,58,84,51,54,69,58,126,75,59,128,55,51,64,47,43,40,42,57,46,87,93,63,47,66,60,101,96,78,47,79,102,54,75,92,93,77,81,63,59,77,108,96,63,101,99,92,120,99,100,60,102,59,55,52,68,77,51,47,43,39,36,51,42,57,46,105,110,63,47,65,72,47,58,47,43,40,42,57,46,87,93,63,47,67,57,46,87,93,63,47,64,83,114,43,39,35,31,27,23,19,16,31,35,39,43,47,51,42,57,46,87,93,63,47,72,83,106,43,40,42,57,46,89,63,47,67,90,63,50,71,88,89,73,77,59,55,73,104,92,59,97,95,88,88,95,96,56,70,55,51,78,99,110,106,51,91,87,51,87,100,50,101,113,101,93,101,93,85,101,99,51,50,101,111,101,93,101,93,85,101,99,51,50,101,113,101,93,101,93,85,101,99,51,48,50,97,78,69,58,99,105,75,59,78,97,95,87,88,95,96,55,51,61,50,91,97,67,51,87,107,47,43,39,36,51,42,57,46,87,93,63,47,65,57,46,89,63,47,67,93,63,50,71,88,89,73,77,59,55,73,104,92,59,97,95,88,88,95,96,56,70,55,51,64,73,54,105,109,105,97,105,97,89,105,103,55,54,105,117,105,97,105,97,89,105,103,55,52,65,60,51,47,43,40,42,57,46,87,93,63,47,63,46,67,84,85,69,73,55,51,69,100,88,55,93,91,84,81,91,92,52,63,51,47,43,39,35,32,47,51,48,40,42,57,46,87,93,63,47,70,166,62,56,65,65,70,59,48,50,71,88,89,73,77,59,55,73,104,92,59,97,95,88,107,95,96,56,89,55,51,47,83,80,46,93,74,65,54,95,101,71,55,74,93,91,83,84,91,92,51,47,43,39,36,51,42,57,46,87,93,63,47,70,166,83,81,46,93,74,65,54,95,101,71,55,74,93,91,83,84,91,92,51,47,43,40,42,106,57,46,87,93,63,47,70,76,75,80,57,46,194,65,69,69,74,71,59,58,79,96,97,81,85,67,63,81,112,100,67,105,103,96,182,103,104,64,164,63,59,55,67,72,51,62,47,63,60,60,57,47,57,46,188,65,69,69,74,71,59,58,79,96,97,81,85,67,63,81,112,100,67,105,103,96,182,103,104,64,164,63,59,55,67,72,51,62,47,63,57,46,188,65,69,69,74,71,59,58,79,96,97,81,85,67,63,81,112,100,67,105,103,96,182,103,104,64,164,63,59,55,67,72,51,62,47,63,68,66,83,161,46,93,74,65,54,95,101,71,55,74,93,91,83,84,91,92,51,47,43,39,35,31,28,43,47,51,42,57,46,87,93,63,47,70,57,46,206,65,68,69,74,71,59,58,79,96,97,81,85,67,63,81,112,100,67,105,103,96,161,103,104,64,143,63,59,55,67,72,51,62,47,63,83,150,46,93,74,65,54,95,101,71,55,74,93,91,83,84,91,92,51,47,43,40,42,57,46,87,93,63,47,70,57,46,206,65,68,69,74,71,59,58,79,96,97,81,85,67,63,81,112,100,67,105,103,96,169,103,104,64,151,63,59,55,67,72,51,62,47,63,83,130,46,93,74,65,54,95,101,71,55,74,93,91,83,84,91,92,51,47,43,39,36,51,42,57,46,87,93,63,47,64,87,112,57,46,242,65,69,69,74,71,59,58,79,96,97,81,85,67,63,81,112,100,67,105,103,96,179,103,104,64,161,63,59,55,67,72,51,62,47,63,69,61,164,64,72,61,89,69,99,84,82,66,128,87,55,67,71,88,59,102,74,133,63,59,95,98,97,94,58,109,114,109,101,109,112,93,109,107,59,56,58,79,96,97,81,85,67,63,81,112,100,67,105,103,96,93,103,104,64,75,63,59,55,52,54,75,92,93,77,81,63,59,77,108,96,63,101,99,92,135,99,100,60,117,59,55,51,47,43,39,35,31,27,23,19,15,25,15,21,10,53,27,11,28,7,3,0},{r,r,r,r,r,[8]=r,[9]=r}}
f:\dropbox\proj\code\dev\plume\plume\plume-data\engine\engine.lua
1781427562
local A,B,C,D,E,F="561","function","113","require","211","comment";return {{{A,1,1,1,1,"main_chunk"},{A,15,8,23,1,B},{A,16,2,57,84,B,"plume._run_dev"},{C,17,3,9,D},{C,18,3,9,D},{C,19,3,9,D},{C,20,3,9,D},{C,21,3,9,D},{C,22,3,9,D},{C,23,3,9,D},{C,24,3,9,D},{C,25,3,9,D},{C,26,3,9,D},{C,27,3,9,D},{C,28,3,9,D},{C,29,3,9,D},{C,30,3,9,D},{C,31,3,9,D},{C,32,3,9,D},{C,33,3,9,D},{C,34,3,9,D},{C,37,4,11,"_VM_INIT"},{"611",38,1,2},{E,39,25,29,"vmerr"},{E,39,32,37,"vmserr"},{"612",41,18,18},{C,45,21,50,"_VM_DECODE_CURRENT_INSTRUCTION"},{"542",53,20,23},{C,55,11,23,"LOAD_CONSTANT"},{C,59,11,19,"LOAD_TRUE"},{C,61,11,20,"LOAD_FALSE"},{C,67,11,20,"LOAD_EMPTY"},{C,69,11,20,"LOAD_LOCAL"},{C,73,11,18,"LOAD_REF"},{C,75,11,22,"LOAD_UPVALUE"},{C,83,11,21,"STORE_LOCAL"},{C,85,11,20,"STORE_VOID"},{C,89,11,23,"STORE_UPVALUE"},{C,91,11,19,"STORE_REF"},{C,97,11,22,"OPEN_UPVALUE"},{C,99,11,23,"CLOSE_UPVALUE"},{C,103,11,26,"OPEN_REF_UPVALUE"},{C,105,11,27,"CLOSE_REF_UPVALUE"},{C,115,11,17,"CLOSURE"},{C,117,11,19,"TABLE_NEW"},{C,121,11,19,"TABLE_SET"},{C,123,11,21,"TABLE_INDEX"},{C,129,11,29,"TABLE_REGISTER_SELF"},{C,131,11,24,"TABLE_SET_META"},{C,135,11,23,"TABLE_SET_ACC"},{C,137,11,22,"TABLE_EXPAND"},{C,145,11,34,"TABLE_INDEX_CHECK_IS_NIL"},{C,147,11,34,"CALL_INDEX_REGISTER_SELF"},{C,151,11,22,"TAG_META_KEY"},{C,153,11,17,"TAG_KEY"},{C,159,11,21,"ENTER_SCOPE"},{C,161,11,21,"LEAVE_SCOPE"},{C,165,11,19,"BEGIN_ACC"},{C,167,11,22,"CONCAT_TABLE"},{C,179,11,21,"CONCAT_TEXT"},{C,181,11,21,"CONCAT_CALL"},{C,185,11,23,"CHECK_IS_TEXT"},{C,187,11,17,"JUMP_IF"},{C,193,11,21,"JUMP_IF_NOT"},{C,195,11,27,"JUMP_IF_NOT_EMPTY"},{C,199,11,18,"JUMP_FOR"},{C,201,11,14,"JUMP"},{C,209,11,22,"JUMP_IF_PEEK"},{C,211,11,26,"JUMP_IF_NOT_PEEK"},{C,215,11,18,"GET_ITER"},{C,217,11,18,"FOR_ITER"},{C,223,11,16,"OP_ADD"},{C,225,11,16,"OP_MUL"},{C,229,11,16,"OP_SUB"},{C,231,11,16,"OP_DIV"},{C,241,11,16,"OP_NEG"},{C,243,11,16,"OP_MOD"},{C,247,11,16,"OP_POW"},{C,249,11,15,"OP_LT"},{C,255,11,15,"OP_EQ"},{C,257,11,16,"OP_AND"},{C,261,11,16,"OP_NOT"},{C,263,11,15,"OP_OR"},{C,271,11,19,"DUPLICATE"},{C,273,11,16,"SWITCH"},{C,277,11,16,"RETURN"},{C,279,11,21,"RETURN_FILE"},{C,285,11,26,"FILE_INIT_PARAMS"},{C,287,11,22,"PUSH_CONTEXT"},{C,291,11,21,"POP_CONTEXT"},{C,293,11,22,"LOAD_CONTEXT"},{C,307,11,24,"CREATE_CONTEXT"},{C,309,11,21,"HOST_UPDATE"},{C,313,11,19,"HOST_NEXT"},{C,315,11,15,"RAISE"},{C,323,11,17,"STD_LEN"},{C,327,11,18,"STD_TYPE"},{C,329,11,17,"STD_SEQ"},{C,337,11,19,"STD_ITEMS"},{C,339,11,23,"STD_ENUMERATE"},{C,343,11,20,"STD_IMPORT"},{C,355,17,21,"pairs"},{C,363,16,25,"_STACK_GET"}},{},{4,27,0,26,57,2,0,43,0,61,149,80,0,49,23,57,36,36,37,41,40,37,42,37,37,37,37,39,38,38,36,38,38,38,37,27,50,2,37,14,18,31,6,0,54,0,18,19,20,20,21,22,23,13,39,12,12,23,35,13,36,12,11,11,22,23,36,13,36,12,12,23,34,13,38,12,11,10,10,22,23,23,37,13,36,12,12,24,39,13,35,12,11,11,23,24,38,13,39,12,12,24,42,13,43,12,11,10,9,9,21,22,23,24,33,13,35,12,12,24,35,13,37,12,11,11,23,24,45,13,40,12,12,24,39,13,38,12,11,10,10,22,23,24,50,13,50,12,12,24,38,13,33,12,11,11,23,24,37,13,37,12,12,24,35,13,38,12,11,10,9,8,8,20,21,22,23,24,37,13,37,12,12,24,39,13,33,12,11,11,23,24,37,13,43,12,12,24,34,13,30,12,11,10,10,22,23,24,38,13,42,12,12,24,34,13,34,12,11,11,23,24,32,13,32,12,12,24,32,13,32,12,11,10,9,9,21,22,23,24,32,13,32,12,12,24,32,13,31,12,11,11,23,24,31,13,32,12,12,24,32,13,31,12,11,10,10,22,23,24,35,13,32,12,12,24,32,13,37,12,11,11,23,24,42,13,38,12,12,24,37,13,38,12,11,10,9,8,7,7,19,20,21,22,23,24,40,13,37,12,12,24,35,13,31,12,11,11,23,24,18,13,33,12,12,24,34,13,33,12,11,10,10,22,23,24,35,13,39,12,12,24,36,12,11,10,9,8,7,6,22,21,27,22,40,59,7,7,40,6,5,19,43,4,3},{F,F,F,F,F,[8]=F,[10]=F,[11]=F,[12]=F,[14]=F,[35]=F,[36]=F,[352]=F,[362]=F}}
f:\dropbox\proj\code\dev\plume\plume\plume-data\engine\finalizer.lua
1781446231
local A,B,C,D,E,F,G,H,I="561","function","113","insert","table","bit","lshift","band","comment";return {{{A,1,1,1,1,"main_chunk"},{A,8,8,23,1,B},{A,9,8,31,5,B,D},{"213",16,9,9,"_"},{C,16,24,29,"ipairs"},{C,18,6,10,E,{D}},{A,24,8,29,10,B,"link"},{C,48,6,10,"error"},{C,57,3,7,E,{D}},{A,60,8,46,3,B,"findNode"},{A,69,8,69,2,B,"checkPartSize"},{A,75,8,31,4,B,"encode"},{C,77,23,27,E,{"new"}},{C,97,20,22,F,{G}},{C,97,31,33,F,{H}},{C,98,22,24,F,{G}},{C,98,33,35,F,{H}},{C,99,22,24,F,{H}},{C,100,17,19,F,{"bor"}},{A,106,8,30,1,B,"clean"},{A,111,2,33,1,B,"plume.finalize"}},{},{4,27,0,26,57,2,0,23,31,18,41,22,48,47,35,42,24,57,7,6,5,4,0,29,66,0,19,24,40,45,22,47,35,6,5,0,25,40,45,32,22,37,22,84,7,26,35,54,7,0,103,7,46,6,5,0,73,4,0,46,12,32,37,22,5,13,4,0,69,21,89,5,4,0,31,30,63,5,40,55,0,60,34,60,37,19,4,5,0,36,51,0,89,91,91,0,80,86,56,54,47,54,5,4,0,30,27,33,4,0,33,26,17,34,31,19,15,41,17,35,16,0,13,4,3},{I,I,I,I,I,[44]=I,[112]=I,[114]=I,[115]=I,[116]=I,[118]=I,[120]=I}}
f:\dropbox\proj\code\dev\plume\plume\plume-data\engine\init.lua
1781419564
local A,B,C,D,E="113","require","561","function","comment";return {{{C,1,1,1,2,"main_chunk"},{A,26,4,11,"_VERSION"},{A,27,2,8,B},{A,29,2,8,B},{A,35,1,7,B},{A,36,1,7,B},{A,37,1,7,B},{A,38,1,7,B},{A,39,1,7,B},{A,40,1,7,B},{A,41,1,7,B},{A,42,1,7,B},{A,43,1,7,B},{A,44,1,7,B},{A,45,1,7,B},{A,46,1,7,B},{A,47,1,7,B},{C,49,1,46,4,D,"plume.run"},{C,65,1,66,3,D,"plume.execute"},{A,67,20,24,"pcall"},{C,83,1,79,6,D,"plume.executeString"},{"412",91,8,14,"runtime",83,46,52},{C,101,1,71,2,D,"plume.executeFile"},{A,104,12,13,"io",{"open"}}},{},{4,24,0,36,0,76,77,76,73,69,56,0,78,47,0,74,72,75,70,77,77,9,0,2,0,29,41,4,42,3,0,16,36,0,49,49,49,49,49,49,49,49,49,49,49,49,49,0,46,26,25,44,4,0,10,25,22,5,18,4,0,54,3,0,66,26,75,0,16,61,5,22,4,0,16,21,5,60,22,4,3,0,79,39,13,35,43,33,4,0,47,51,0,82,27,28,4,23,3,0,71,41,0,28,15,86,5,0,27,10,0,78,3,0,58,0,12},{E,E,E,E,E,E,E,E,E,E,E,E,E,E,E,E,E,E,E,E,E,E,E,[84]=E,[115]=E}}
f:\dropbox\proj\code\dev\plume\plume\plume-data\engine\objects.lua
1781446208
local A,B,C,D,E,F,G,H,I,J,K,L,M,N,O,P,Q,R="561","function","113","table","new","insert","213","_","ipairs","tonumber","pairs","type","tostring","611","string","format","concat","comment";return {{{A,1,1,1,1,"main_chunk"},{A,8,8,22,1,B},{A,13,2,38,1,B,"plume.obj.luaMacro"},{A,21,2,48,1,B,"plume.obj.table"},{C,25,12,16,D,{E}},{C,26,11,15,D,{E}},{A,32,2,38,4,B,"plume.obj.quickTable"},{G,35,7,7,H},{C,35,15,20,I},{C,36,4,8,D,{F}},{C,37,4,8,D,{F}},{C,40,15,19,K},{C,41,11,18,J},{C,42,5,9,D,{F}},{A,50,2,39,2,B,"plume.obj.macro"},{C,65,4,8,D,{F}},{N,69,1,2},{A,73,2,42,1,B,"plume.copyMacrosInfos"},{A,80,8,32,3,B,"makePlumeTable"},{C,92,15,16,"os",{"getenv"}},{C,94,4,8,D,{F}},{G,98,7,7,H},{C,98,17,22,I},{C,99,4,8,D,{F}},{A,111,2,29,1,B,"plume.obj.runtime"},{A,142,2,36,1,B,"plume.obj.context"},{A,145,11,31,1,B},{C,146,5,9,D,{F}},{A,148,10,23,1,B},{C,149,5,9,D,{"remove"}},{A,151,10,23,2,B},{A,158,8,24,3,B,"toint"},{C,159,13,20,J},{C,160,21,24,"math",{"floor"}},{A,163,8,31,5,B,"isShortTable"},{C,165,15,19,K},{C,166,7,10,L},{C,166,29,32,L},{C,169,7,10,L},{C,170,14,21,M},{C,172,13,20,M},{A,178,8,49,14,B,"reprTable"},{G,190,7,7,H},{C,190,17,22,I},{G,199,11,11,H},{"423",199,11,11,H,190,7,7},{C,200,8,12,D,{F}},{C,210,6,10,D,{F}},{N,212,1,5},{C,213,6,10,D,{F}},{C,213,27,32,O,{P}},{C,218,5,9,D,{F}},{C,218,26,31,O,{P}},{N,221,1,2},{C,223,11,16,O,{P}},{C,225,5,9,D,{Q}},{C,234,11,16,O,{P}},{C,234,43,47,D,{Q}},{A,238,8,44,6,B,"reprObj"},{C,240,6,9,L},{C,245,5,9,D,{F}},{C,247,11,15,D,{Q}},{C,249,11,18,M},{A,253,2,46,12,B,"plume.repr"},{C,255,6,9,L}},{},{4,27,0,26,57,2,0,22,15,35,0,74,38,10,21,16,27,3,4,0,48,9,7,25,43,34,20,3,10,4,0,38,39,0,31,27,33,5,0,30,26,27,18,6,5,0,10,4,0,39,13,20,17,28,28,29,33,51,29,65,52,3,0,18,32,25,27,5,2,10,4,0,42,54,44,46,26,4,0,32,38,17,10,12,24,30,28,31,3,0,41,56,33,34,28,5,31,47,33,49,5,0,49,70,77,75,79,15,4,0,29,43,20,57,59,28,26,27,24,29,47,3,33,43,0,10,20,29,29,29,29,29,29,29,29,29,82,42,3,4,0,36,10,22,31,36,7,23,29,7,23,55,7,19,3,4,0,24,23,39,4,0,31,13,31,51,16,6,30,24,6,23,5,0,13,4,0,49,15,0,19,22,21,22,0,22,22,0,41,33,64,27,16,31,19,53,21,9,35,37,9,23,8,7,0,19,19,27,8,32,8,5,62,7,7,31,37,62,6,5,2,16,42,25,53,22,4,6,26,46,17,15,6,69,5,4,0,44,22,56,24,24,42,51,30,6,95,6,23,5,4,0,46,17,30,38,5,0,20,22,17,64,37,28,54,26,19,24,7,46,6,6,43,5,4,0,3},{R,R,R,R,R,[12]=R,[17]=R,[24]=R,[60]=R,[61]=R,[112]=R,[113]=R,[114]=R,[115]=R,[121]=R,[124]=R,[137]=R}}
f:\dropbox\proj\code\dev\plume\plume\plume-data\engine\parser.lua
1781436231
local A,B,C,D,E,F,G,H,I,J,K,L,M,N,O,P="561","function","113","lpeg","C","Cc","Ct","612","table","insert","611","ipairs","621","string","format","comment";return {{{A,1,1,1,1,"main_chunk"},{A,8,8,23,1,B},{A,9,8,30,1,B,"buildGrammar"},{C,10,26,29,D,{"S"}},{C,10,34,37,D,{"R"}},{C,10,42,45,D,{"P"}},{C,10,50,53,D,{"V"}},{C,10,58,61,D,{"Cp"}},{A,12,9,33,1,B,E},{C,13,18,21,D,{E}},{A,13,43,71,1,B},{A,23,9,34,1,B,F},{C,24,18,21,D,{F}},{A,24,44,72,1,B},{A,34,9,29,1,B,"NOT"},{A,38,9,41,2,B,"E"},{H,39,39,39},{C,40,18,21,D,{E}},{A,40,43,71,1,B},{A,50,9,42,1,B,"Et"},{A,51,35,63,1,B},{A,62,9,57,1,B,"W"},{A,63,35,55,1,B},{A,75,9,34,1,B,G},{C,76,18,21,D,{G}},{A,76,44,73,1,B},{H,78,16,16},{A,86,9,34,2,B,"bindWarning"},{A,98,9,34,1,B,"sugarFlagParam"},{A,99,15,31,1,B},{C,102,5,9,I,{J}},{A,120,9,33,1,B,"sugarFlagCall"},{A,121,15,31,1,B},{C,124,5,9,I,{J}},{A,146,9,32,1,B,"K"},{K,166,1,2},{A,184,9,28,3,B,"fold_bin"},{H,195,11,11},{K,200,1,3},{A,204,9,27,3,B,"fold_un"},{K,218,1,3},{A,239,9,25,6,B,"genALU"},{C,242,22,27,L},{C,244,19,24,L},{K,253,1,3},{C,263,24,27,D,{G}},{C,265,23,26,D,{G}},{K,323,1,2},{K,332,1,7},{H,345,29,29},{K,370,1,2},{K,388,1,2},{K,398,1,2},{K,403,1,6},{H,412,83,83},{H,416,51,51},{M,427,1,8},{M,429,1,8},{A,438,3,13,2,B},{C,441,21,26,N,{O}},{C,443,21,26,N,{O}},{C,506,10,13,D,{G}},{A,511,2,37,2,B,"plume.parse"},{C,518,13,16,D,{"match"}},{K,522,1,2},{A,529,25,39,5,B},{K,553,1,2}},{},{4,27,0,26,57,2,0,23,30,64,0,33,71,12,17,17,20,22,5,6,5,0,34,72,12,17,17,20,22,5,6,5,0,29,26,5,0,41,39,71,12,20,17,20,23,25,5,6,5,42,63,12,20,17,20,23,25,5,6,5,0,57,55,12,19,21,17,20,23,30,5,6,5,0,34,73,12,16,15,17,22,5,6,5,0,34,12,25,33,24,22,12,7,12,6,5,0,34,31,26,25,36,17,23,23,16,18,24,24,17,22,25,25,8,8,6,18,6,5,33,31,30,25,36,17,23,23,16,18,24,24,17,21,25,25,8,8,6,18,6,5,0,14,14,14,32,38,5,0,21,21,62,63,22,63,37,42,36,36,12,42,34,34,34,30,2,0,29,29,29,35,35,62,58,3,108,78,56,59,0,12,12,12,28,34,19,22,25,24,11,26,21,23,17,11,11,6,5,6,3,13,5,0,27,34,20,27,25,11,26,26,21,17,9,6,5,6,3,13,5,0,50,51,48,76,67,0,19,19,20,32,89,32,46,18,29,3,0,25,28,0,39,14,33,41,0,18,38,42,9,35,8,3,17,20,9,27,8,7,36,40,22,65,8,80,7,6,0,21,9,56,105,9,27,0,18,46,110,118,78,106,98,0,102,0,54,81,55,0,65,0,15,5,0,35,31,10,40,51,9,9,33,25,3,0,30,93,97,0,16,16,16,11,79,46,59,0,19,47,63,82,0,2,0,18,88,32,44,36,108,113,7,36,13,87,15,4,67,91,0,82,36,57,7,29,53,46,37,39,34,0,35,53,12,53,0,49,53,76,7,45,40,0,17,48,51,65,42,81,2,0,23,88,21,72,45,44,8,3,0,26,30,75,0,20,108,108,2,63,77,45,12,0,51,38,41,7,2,11,67,97,67,6,64,60,0,39,45,0,10,62,83,107,74,94,51,0,48,0,99,0,35,35,82,54,75,56,74,56,0,25,18,38,18,0,12,110,13,56,40,74,7,101,6,23,11,5,0,12,12,12,17,13,51,0,54,50,11,21,52,56,75,10,53,11,24,55,59,34,10,41,0,64,55,36,24,35,0,42,0,75,77,77,77,58,71,9,0,20,45,71,5,76,64,64,60,60,0,45,46,0,28,26,3,0,23,4,0,31,0,37,51,20,30,0,15,15,38,10,9,3,2,42,34,0,37,42,15,39,21,20,6,0,36,45,6,0,40,19,6,6,0,27,0,21,30,24,16,15,16,5,5,2,25,15,12,4,0,3},{P,P,P,P,P,[143]=P,[144]=P,[145]=P,[146]=P,[152]=P,[154]=P,[168]=P,[169]=P,[170]=P,[181]=P,[182]=P,[183]=P,[276]=P,[302]=P,[310]=P,[311]=P,[312]=P,[313]=P,[318]=P,[325]=P,[338]=P,[364]=P,[372]=P,[381]=P,[385]=P,[399]=P,[410]=P,[422]=P,[423]=P,[436]=P,[449]=P,[450]=P,[451]=P,[476]=P,[512]=P,[513]=P,[526]=P,[527]=P}}
f:\dropbox\proj\code\dev\plume\plume\plume-data\engine\profiler.lua
1781446190
local A,B,C,D,E,F,G,H="561","function","113","table","ipairs","insert","concat","comment";return {{{A,1,1,1,1,"main_chunk"},{A,8,8,22,1,B},{A,10,2,38,9,B,"plume.getOpcodeUsageReport"},{C,16,15,19,"pairs"},{C,21,9,12,"math",{"floor"}},{C,28,18,23,E},{C,34,5,9,D,{F}},{C,38,3,7,D,{"sort"}},{A,38,21,61,1,B},{"213",41,7,7,"_"},{C,41,18,23,E},{C,44,5,9,D,{F}},{C,44,26,31,"string",{"format"}},{C,44,60,64,D,{G}},{C,48,10,14,D,{G}}},{},{4,27,0,26,57,2,0,22,49,38,31,79,5,18,17,41,17,21,32,38,25,16,16,7,6,0,19,31,26,7,0,21,0,45,6,5,0,62,19,0,33,34,15,106,6,5,0,35,4,3},{H,H,H,H,H}}
f:\dropbox\proj\code\dev\plume\plume\plume-data\engine\std.lua
1781446455
local A,B,C,D,E,F,G,H,I,J,K,L,M,N,O,P,Q,R,S,T,U,V,W,X,Y,Z,a,b,c,d,e,f,g,h,i,j,k,l,m,n,o,p,q,r,s,t,u,v,w,x,y,z="561","611","function","113","io","open","table","print","231","self","insert","ipairs","math","unpack","huge","311","__a","213","_","tonumber","string","format","floor","min","max","type","pcall","os","remove","concat","211","_deriveSeed","111","_random","_random_range","431","time","432","args","__name","__signature","__s","__e","412","612","clock","411","success","method","date","212","year";return {{{A,1,1,1,1,"main_chunk"},{A,11,8,22,2,C},{B,15,1,1},{B,16,1,1},{A,18,2,50,4,C,"plume.stdio.write"},{D,20,16,17,E,{F}},{B,28,1,1},{A,29,2,32,2,C,"plume.stdio.read"},{D,30,16,17,E,{F}},{B,38,1,2},{A,39,48,62,2,C},{R,41,7,7,S},{D,41,15,20,L},{D,42,4,8,G,{K}},{D,44,3,7,H},{D,44,9,13,G,{N}},{B,47,1,1},{A,48,46,60,8,C},{I,51,19,22,J,true},{D,59,3,7,H},{B,62,1,1},{A,64,48,62,8,C},{I,67,19,22,J,true},{B,78,1,1},{A,79,46,60,5,C},{I,82,19,22,J,true},{B,90,1,1},{A,91,50,64,8,C},{I,94,19,22,J,true},{B,101,1,1},{D,103,4,8,G,{K}},{B,108,1,1},{A,109,46,60,4,C},{I,112,19,22,J,true},{B,121,1,1},{A,122,44,58,6,C},{I,125,19,22,J,true},{D,125,61,64,M,{O}},{D,127,19,24,L},{P,128,34,36,Q,true},{D,132,16,19,M,{X}},{D,132,25,30,N},{A,134,44,58,6,C},{I,137,19,22,J,true},{D,137,61,64,M,{O}},{D,139,19,24,L},{P,140,34,36,Q,true},{D,144,16,19,M,{Y}},{D,144,25,30,N},{B,146,1,1},{A,149,38,52,6,C},{I,152,20,23,J,true},{D,159,16,21,L},{D,160,5,9,G,{K}},{D,161,5,9,G,{K}},{A,165,46,60,7,C},{I,168,20,23,J,true},{R,174,8,8,S},{D,174,16,21,L},{D,175,12,19,T},{D,176,20,25,U,{V}},{B,179,1,1},{B,183,1,1},{A,186,38,52,7,C},{I,189,20,23,J,true},{R,196,8,8,S},{D,196,16,21,L},{D,197,12,19,T},{D,198,6,10,G,{K}},{A,204,46,60,7,C},{I,207,20,23,J,true},{R,213,8,8,S},{D,213,16,21,L},{D,214,8,15,T},{B,218,1,1},{B,222,1,1},{B,224,1,1},{A,225,63,93,2,C},{B,228,1,1},{D,231,17,22,"dofile"},{s,231,40,40},{D,233,85,89,G,{d}},{B,237,1,1},{B,239,1,1},{A,240,52,65,1,C},{B,243,1,1},{A,245,35,49,5,C},{I,248,20,23,J,true},{D,254,17,20,M,{"sin"}},{A,256,35,49,5,C},{I,259,20,23,J,true},{D,265,17,20,M,{"cos"}},{A,267,35,49,5,C},{I,270,20,23,J,true},{D,276,17,20,M,{"tan"}},{A,278,38,52,5,C},{I,281,20,23,J,true},{D,287,17,20,M,{"asin"}},{A,289,38,52,5,C},{I,292,20,23,J,true},{D,298,17,20,M,{"acos"}},{A,300,38,52,5,C},{I,303,20,23,J,true},{D,309,17,20,M,{"atan"}},{A,311,40,54,7,C},{I,314,20,23,J,true},{D,321,17,20,M,{"atan2"}},{A,323,38,52,5,C},{I,326,20,23,J,true},{D,332,17,20,M,{"sinh"}},{A,334,38,52,5,C},{I,337,20,23,J,true},{D,343,17,20,M,{"cosh"}},{A,345,38,52,5,C},{I,348,20,23,J,true},{D,354,17,20,M,{"tanh"}},{A,356,36,50,5,C},{I,359,20,23,J,true},{D,365,17,20,M,{"log"}},{A,367,40,54,5,C},{I,370,20,23,J,true},{D,376,17,20,M,{"log10"}},{D,378,10,13,M,{"pi"}},{D,379,10,13,M,{"exp"}},{D,380,10,13,M,{O}},{B,382,1,1},{A,383,23,109,20,C,"plume.formatNumber"},{B,393,1,1},{D,394,18,23,U,{V}},{B,403,1,1},{B,418,1,1},{R,422,9,9,S},{B,430,1,1},{R,435,10,10,S},{B,442,1,1},{B,446,1,1},{B,449,1,1},{A,452,39,53,10,C},{D,453,68,72,G,{K}},{I,456,20,23,J,true},{D,465,17,20,M,{W}},{A,467,37,51,10,C},{D,468,68,72,G,{K}},{I,471,20,23,J,true},{D,480,17,20,M,{"ceil"}},{A,482,39,53,10,C},{D,483,68,72,G,{K}},{I,486,20,23,J,true},{D,495,17,20,M,{W}},{A,497,35,49,7,C},{D,498,68,72,G,{K}},{I,501,20,23,J,true},{D,507,17,20,M,{"abs"}},{A,509,39,53,11,C},{D,510,68,72,G,{K}},{I,513,20,23,J,true},{D,521,17,20,M,{X}},{D,521,31,34,M,{Y}},{A,523,41,55,13,C},{D,524,68,72,G,{K}},{I,527,20,23,J,true},{A,543,43,57,9,C},{D,544,68,72,G,{K}},{I,547,20,23,J,true},{B,556,1,1},{A,558,37,51,9,C},{D,559,68,72,G,{K}},{I,562,20,23,J,true},{B,577,1,1},{A,579,39,52,4,C},{D,583,11,14,Z},{D,585,11,18,T},{D,586,18,25,T},{D,588,21,26,U,{V}},{D,588,68,71,Z},{B,592,1,1},{A,594,41,55,5,C},{I,597,20,23,J,true},{D,603,17,18,b,{"getenv"}},{B,605,1,1},{A,607,43,57,5,C},{I,610,20,23,J,true},{D,616,28,32,a},{A,616,34,43,2,C},{D,617,15,16,E,{"popen"}},{B,628,1,1},{D,629,25,29,a},{D,629,31,37,"require"},{B,630,1,1},{A,631,8,36,8,C,"mkdirs"},{B,642,1,1},{B,653,1,1},{A,654,8,27,6,C,"rmdir"},{B,660,1,4},{D,664,24,25,b,{c}},{B,673,1,1},{A,674,8,30,3,C,"makePath"},{B,679,1,1},{A,682,43,57,4,C},{I,685,21,24,J,true},{B,690,1,1},{B,694,1,1},{A,697,53,67,4,C},{I,700,21,24,J,true},{B,705,1,1},{B,709,1,1},{A,712,43,57,3,C},{I,715,21,24,J,true},{A,722,39,53,4,C},{I,725,21,24,J,true},{B,730,1,1},{D,732,20,25,U,{V}},{B,734,1,1},{A,737,43,57,5,C},{I,740,21,24,J,true},{B,745,1,1},{D,747,20,25,U,{V}},{B,749,1,1},{D,751,13,14,b,{c}},{B,755,1,1},{A,757,39,53,6,C},{I,760,21,24,J,true},{B,767,1,1},{D,769,20,25,U,{V}},{B,771,1,1},{D,773,12,13,b,{"rename"}},{A,775,39,53,5,C},{I,778,21,24,J,true},{B,783,1,1},{D,784,17,18,E,{F}},{D,786,20,25,U,{V}},{D,788,18,19,E,{F}},{D,790,20,25,U,{V}},{B,792,1,1},{B,796,1,1},{B,799,1,1},{A,800,49,63,4,C},{I,803,21,24,J,true},{B,807,1,1},{A,814,45,59,3,C},{I,817,21,24,J,true},{A,823,39,53,3,C},{I,826,21,24,J,true},{A,832,41,55,5,C},{I,835,21,24,J,true},{D,835,63,66,M,{O}},{B,845,1,1},{D,846,36,40,G,{d}},{A,848,41,55,5,C},{I,851,21,24,J,true},{B,859,1,1},{D,860,18,19,E,{F}},{D,862,20,25,U,{V}},{A,867,53,67,6,C},{I,870,21,24,J,true},{B,875,1,1},{e,878,13,13,S,nil,true},{D,879,7,11,G,{K}},{D,880,7,11,G,{K}},{A,885,39,53,7,C},{I,888,21,24,J,true},{B,893,1,1},{B,899,1,1},{e,903,14,14,S,nil,true},{D,904,8,12,G,{K}},{D,905,8,12,G,{K}},{B,906,1,1},{D,907,8,12,G,{K}},{B,914,1,1},{B,916,1,1},{A,917,9,28,3,C,"div"},{B,919,1,1},{D,920,7,10,Z},{B,925,1,1},{D,926,7,10,Z},{B,931,1,1},{B,934,1,1},{A,936,47,61,3,C},{I,939,21,24,J,true},{B,945,1,1},{A,946,37,51,9,C},{I,949,21,24,J,true},{B,969,1,2},{B,972,1,1},{D,973,2,6,G,{K}},{A,974,55,69,5,C},{I,977,19,22,J,true},{B,985,1,1},{B,988,1,1},{A,990,35,49,7,C},{I,993,20,23,J,true},{B,1002,1,1},{A,1003,50,64,6,C},{I,1006,19,22,J,true},{P,1009,34,37,"seed",true},{A,1012,3,38,2,C,f},{g,1012,12,22,f},{D,1020,17,27,f},{D,1020,46,47,b,{k}},{B,1021,1,1},{A,1022,3,20,1,C,h},{g,1022,12,18,h},{A,1026,3,30,1,C,i},{g,1026,12,24,i},{D,1027,11,14,M,{W}},{D,1027,22,28,h},{B,1029,1,1},{A,1030,9,27,2,C,"shuffle"},{R,1031,8,8,S},{D,1032,15,27,i},{D,1033,15,27,i},{B,1034,1,1},{B,1038,1,2},{A,1040,39,53,6,C},{l,1040,49,52,m,1003,60,63},{j,1041,11,16,n,1004,9,14},{j,1042,11,21,o,1005,9,19},{j,1043,11,13,p,1006,9,11},{j,1043,16,18,q,1006,14,16},{I,1043,21,24,J,true},{j,1043,21,24,J,1006,19,22},{D,1049,13,23,f},{D,1049,36,37,b,{k}},{A,1052,43,57,5,C},{l,1052,53,56,m,1003,60,63},{j,1053,11,16,n,1004,9,14},{j,1054,11,21,o,1005,9,19},{j,1055,11,13,p,1006,9,11},{j,1055,16,18,q,1006,14,16},{I,1055,21,24,J,true},{j,1055,21,24,J,1006,19,22},{D,1061,26,38,i},{A,1063,45,59,10,C},{l,1063,55,58,m,1003,60,63},{j,1064,11,16,n,1004,9,14},{j,1065,11,21,o,1005,9,19},{j,1066,11,13,p,1006,9,11},{j,1066,16,18,q,1006,14,16},{I,1066,21,24,J,true},{j,1066,21,24,J,1006,19,22},{R,1073,9,9,S},{D,1073,17,22,L},{D,1075,9,12,Z},{D,1079,15,21,h},{R,1081,9,9,S},{D,1081,17,22,L},{D,1083,9,12,Z},{A,1091,45,59,5,C},{l,1091,55,58,m,1003,60,63},{j,1092,11,16,n,1004,9,14},{j,1093,11,21,o,1005,9,19},{j,1094,11,13,p,1006,9,11},{j,1094,16,18,q,1006,14,16},{I,1094,21,24,J,true},{j,1094,21,24,J,1006,19,22},{A,1103,43,57,13,C},{l,1103,53,56,m,1003,60,63},{j,1104,11,16,n,1004,9,14},{j,1105,11,21,o,1005,9,19},{j,1106,11,13,p,1006,9,11},{j,1106,16,18,q,1006,14,16},{I,1106,21,24,J,true},{j,1106,21,24,J,1006,19,22},{D,1114,20,25,U,{V}},{B,1119,1,1},{D,1121,20,25,L},{A,1133,39,52,4,C},{l,1133,48,51,m,1003,60,63},{D,1135,19,25,h},{D,1137,19,31,i},{D,1139,19,31,i},{B,1143,1,2},{B,1146,1,1},{A,1147,8,38,2,C,"replaceUpdate"},{B,1152,1,1},{B,1154,1,1},{D,1157,4,8,G,{K}},{D,1162,4,8,G,{K}},{D,1164,27,31,G,{d}},{B,1168,1,1},{A,1169,8,43,8,C,"replaceNext"},{D,1170,13,16,Z},{D,1170,54,57,Z},{D,1172,18,23,U,{V}},{B,1174,1,1},{D,1175,7,10,Z},{D,1176,4,8,G,{K}},{B,1180,1,1},{B,1182,1,1},{A,1184,39,53,7,C},{D,1185,68,72,G,{K}},{I,1188,20,23,J,true},{D,1194,17,22,U,{"upper"}},{A,1196,39,53,7,C},{D,1197,68,72,G,{K}},{I,1200,20,23,J,true},{D,1206,17,22,U,{"lower"}},{B,1208,1,1},{A,1209,43,57,17,C},{D,1210,68,72,G,{K}},{I,1213,20,23,J,true},{D,1230,8,11,Z},{B,1234,1,1},{D,1235,7,10,Z},{D,1237,20,25,U,{V}},{B,1239,1,1},{B,1252,1,1},{B,1255,1,1},{A,1257,45,59,8,C},{D,1258,68,72,G,{K}},{I,1261,20,23,J,true},{D,1267,7,14,T},{B,1273,1,1},{A,1275,37,51,7,C},{D,1276,68,72,G,{K}},{I,1279,20,23,J,true},{A,1287,39,53,7,C},{D,1288,68,72,G,{K}},{I,1291,20,23,J,true},{A,1299,39,53,7,C},{D,1300,68,72,G,{K}},{I,1303,20,23,J,true},{A,1311,45,59,7,C},{D,1312,68,72,G,{K}},{I,1315,20,23,J,true},{A,1323,41,55,7,C},{D,1324,68,72,G,{K}},{I,1327,20,23,J,true},{A,1336,41,55,10,C},{D,1337,68,72,G,{K}},{I,1340,20,23,J,true},{B,1351,1,1},{A,1353,37,51,12,C},{D,1354,68,72,G,{K}},{I,1357,20,23,J,true},{B,1369,1,1},{A,1372,45,59,12,C},{D,1373,68,72,G,{K}},{I,1376,20,23,J,true},{B,1388,1,1},{A,1395,49,63,12,C},{D,1396,68,72,G,{K}},{I,1399,20,23,J,true},{B,1411,1,1},{A,1418,45,59,12,C},{D,1419,68,72,G,{K}},{I,1422,20,23,J,true},{B,1434,1,1},{A,1441,39,53,12,C},{D,1442,68,72,G,{K}},{I,1445,20,23,J,true},{B,1457,1,1},{R,1459,8,8,S},{B,1462,1,1},{B,1465,1,1},{A,1467,39,53,14,C},{D,1468,68,72,G,{K}},{I,1471,20,23,J,true},{B,1482,1,1},{B,1486,1,1},{D,1489,5,9,G,{K}},{D,1490,5,9,G,{K}},{B,1493,1,1},{D,1495,5,9,G,{K}},{D,1496,5,9,G,{K}},{B,1498,1,1},{A,1501,39,53,9,C},{D,1502,68,72,G,{K}},{I,1505,20,23,J,true},{B,1512,1,1},{D,1515,5,9,G,{K}},{D,1516,5,9,G,{K}},{B,1519,1,1},{D,1521,5,9,G,{K}},{D,1522,5,9,G,{K}},{B,1524,1,1},{A,1527,43,57,12,C},{D,1528,68,72,G,{K}},{I,1531,20,23,J,true},{B,1540,1,1},{B,1544,1,1},{B,1546,1,1},{D,1548,5,9,G,{K}},{D,1549,5,9,G,{K}},{B,1551,1,1},{A,1554,47,61,11,C},{D,1555,68,72,G,{K}},{I,1558,20,23,J,true},{B,1570,1,1},{B,1574,1,1},{B,1577,1,1},{A,1578,35,49,14,C},{D,1579,68,72,G,{K}},{I,1582,20,23,J,true},{D,1592,12,19,T},{D,1595,5,9,G,{K}},{D,1597,6,10,G,{K}},{B,1600,1,1},{D,1601,17,21,G,{d}},{B,1603,1,1},{A,1604,35,49,11,C},{D,1605,68,72,G,{K}},{I,1608,20,23,J,true},{B,1619,1,1},{A,1620,8,35,3,C,"sortUpdate"},{D,1622,4,8,G,{K}},{B,1626,1,1},{B,1637,1,1},{B,1640,1,1},{A,1641,8,40,2,C,"sortNext"},{D,1645,4,8,G,{K}},{B,1651,1,1},{A,1652,2,42,7,C,"plume.stdUtils.copy"},{r,1653,9,10,"nt",1652,40,41},{B,1654,1,1},{R,1655,7,7,S},{D,1655,17,22,L},{D,1658,16,19,Z},{B,1668,1,1},{D,1669,4,8,G,{K}},{B,1672,1,1},{B,1675,1,1},{A,1677,41,55,12,C},{I,1680,20,23,J,true},{D,1693,13,16,Z},{B,1694,1,1},{D,1695,22,27,L},{D,1697,6,10,G,{c}},{B,1700,1,1},{D,1701,17,21,G,{c}},{A,1703,41,55,5,C},{I,1706,20,23,J,true},{D,1712,4,8,G,{K}},{D,1713,4,8,G,{K}},{A,1716,37,51,14,C},{I,1719,20,23,J,true},{D,1719,62,65,M,{O}},{B,1729,1,1},{r,1730,10,13,m,1716,47,50},{D,1731,31,34,Z},{B,1734,1,1},{D,1735,20,25,L},{D,1736,8,11,Z},{D,1736,36,39,Z},{D,1737,59,62,Z},{B,1740,1,1},{D,1741,11,15,a},{D,1741,17,21,G,{d}},{A,1743,47,61,9,C},{I,1746,20,23,J,true},{D,1752,10,17,T},{D,1754,16,21,L},{B,1760,1,1},{B,1764,1,1},{D,1766,4,8,G,{c}},{A,1769,41,55,8,C},{I,1772,20,23,J,true},{D,1778,10,17,T},{R,1779,8,8,S},{D,1779,16,21,L},{B,1784,1,1},{A,1787,37,51,7,C},{I,1790,20,23,J,true},{R,1796,8,8,S},{D,1796,16,21,L},{A,1803,43,57,7,C},{I,1806,20,23,J,true},{R,1813,8,8,S},{D,1813,16,21,L},{D,1815,6,10,G,{K}},{D,1816,6,10,G,{K}},{B,1819,1,1},{A,1822,39,53,9,C},{I,1825,20,23,J,true},{R,1835,9,9,S},{D,1835,17,22,L},{D,1836,13,20,T},{A,1845,39,53,5,C},{I,1848,20,23,J,true},{B,1859,1,3},{B,1862,1,1},{A,1863,37,51,11,C},{I,1866,20,23,J,true},{D,1877,20,25,U,{V}},{B,1879,1,1},{s,1886,34,34},{D,1892,5,9,G,{"sort"}},{B,1896,1,1},{A,1897,37,51,5,C},{I,1900,20,23,J,true},{B,1908,1,1},{A,1909,45,59,5,C},{I,1912,20,23,J,true},{B,1920,1,1},{A,1921,35,49,7,C},{I,1924,20,23,J,true},{D,1924,62,65,M,{O}},{D,1926,20,25,L},{P,1927,35,37,Q,true},{R,1932,8,8,S},{D,1932,16,21,L},{D,1932,23,29,"numbers"},{B,1938,1,1},{A,1940,42,56,6,C},{I,1943,20,23,J,true},{D,1948,14,17,Z},{D,1948,48,51,Z},{D,1950,19,24,U,{V}},{B,1956,1,1},{B,1958,1,1},{A,1959,8,26,3,C,"getType"},{D,1960,10,13,Z},{D,1960,49,52,Z},{B,1962,1,1},{A,1963,8,29,6,C,"convert"},{D,1965,41,48,T},{D,1966,8,15,T},{D,1972,18,23,U,{V}},{B,1974,1,1},{B,1977,1,1},{A,1978,8,24,2,C,"sleep"},{D,1979,13,14,b,{t}},{D,1980,9,10,b,{t}},{B,1982,1,1},{A,1983,42,56,5,C},{B,1986,1,1},{B,1989,1,1},{u,1994,9,15,v,1990,9,15},{B,1998,1,1},{B,2000,1,1},{B,2007,1,1},{A,2008,42,55,5,C},{B,2011,1,1},{B,2014,1,1},{u,2019,9,15,v,2015,9,15},{B,2023,1,1},{B,2025,1,1},{B,2032,1,1},{A,2033,42,55,5,C},{B,2036,1,1},{B,2039,1,1},{B,2043,1,1},{u,2048,9,15,v,2044,9,15},{B,2052,1,1},{B,2054,1,1},{B,2057,1,1},{A,2058,42,55,5,C},{B,2061,1,1},{B,2064,1,1},{B,2068,1,1},{u,2073,9,15,v,2069,9,15},{B,2077,1,1},{B,2079,1,1},{B,2082,1,1},{B,2083,1,1},{A,2084,2,27,4,C,"createDate"},{B,2086,1,2},{B,2093,1,1},{A,2094,3,37,5,w,"time.updateTimestamp"},{l,2094,33,36,m,2084,23,26},{D,2095,27,28,b,{k}},{B,2106,1,1},{A,2107,3,34,1,w,"time.getFromTimestamp"},{D,2110,14,21,T},{D,2110,23,24,b,{x}},{D,2111,14,21,T},{D,2111,23,24,b,{x}},{D,2112,14,21,T},{D,2112,23,24,b,{x}},{D,2113,14,21,T},{D,2113,23,24,b,{x}},{D,2114,14,21,T},{D,2114,23,24,b,{x}},{D,2115,14,21,T},{D,2115,23,24,b,{x}},{B,2118,1,1},{B,2120,1,1},{B,2127,1,1},{B,2131,1,1},{A,2133,47,60,1,C},{l,2133,56,59,m,2084,23,26},{D,2135,18,19,b,{x}},{A,2137,47,60,2,C},{l,2137,56,59,m,2084,23,26},{B,2142,1,1},{B,2146,1,1},{B,2149,1,1},{A,2152,47,60,2,C},{l,2152,56,59,m,2084,23,26},{B,2156,1,1},{D,2158,20,25,U,{V}},{A,2166,34,47,3,C},{l,2166,43,46,m,2084,23,26},{B,2169,1,1},{B,2172,1,1},{B,2176,1,1},{A,2179,34,47,5,C},{l,2179,43,46,m,2084,23,26},{B,2182,1,1},{B,2185,1,1},{D,2187,20,25,U,{V}},{B,2189,1,1},{B,2193,1,2},{B,2196,1,1},{A,2197,2,27,1,C,"createDuration"},{B,2200,1,1},{B,2202,1,1},{B,2204,1,1},{A,2207,66,79,1,C},{A,2211,66,79,1,C},{y,2211,75,78,m},{A,2214,66,79,5,C},{B,2217,1,3},{D,2227,19,24,U,{V}},{B,2230,1,1},{B,2235,1,1},{A,2236,53,66,3,C},{B,2239,1,1},{B,2242,1,1},{B,2246,1,1},{B,2249,1,1},{A,2250,53,66,5,C},{B,2253,1,1},{B,2256,1,1},{D,2258,19,24,U,{V}},{B,2260,1,1},{B,2263,1,1},{B,2266,1,1},{A,2267,8,35,1,C,"ignoreSuccess"},{y,2267,31,31,S},{B,2270,1,1},{A,2272,37,50,30,C},{I,2275,19,22,J,true},{e,2276,9,12,z},{e,2276,27,30,z},{u,2276,27,30,z,2276,9,12},{e,2276,33,36,z},{u,2276,33,36,z,2276,27,30},{u,2276,39,42,z,2276,33,36},{P,2277,31,34,z,true,2277,49,52},{P,2277,49,52,z,true,2277,55,58},{P,2277,55,58,z,true,2277,61,64},{P,2288,35,39,"month",true},{P,2289,33,35,"day",true},{P,2292,34,37,z,true},{P,2293,34,37,"zone",true},{P,2294,36,41,"locale",true},{P,2295,39,47,"timestamp",true},{B,2300,1,2},{A,2301,45,59,5,C},{I,2304,20,23,J,true},{B,2312,1,1},{A,2313,35,49,3,C},{I,2316,20,23,J,true},{D,2320,33,34,b,{k}},{B,2322,1,1},{B,2327,1,1},{A,2328,40,54,7,C},{I,2331,20,23,J,true},{D,2342,7,10,Z},{B,2345,1,1},{B,2350,1,1},{B,2351,1,1},{A,2352,2,77,3,C,"plume.stdUnpackPositional"},{B,2358,1,1},{D,2359,21,26,N},{B,2361,1,1},{A,2362,2,61,7,C,"plume.stdUnpackNamed"},{B,2364,1,1},{R,2365,7,7,S},{D,2365,17,22,L},{D,2368,5,9,G,{K}},{D,2370,5,9,G,{K}},{B,2373,1,1},{R,2374,7,7,S},{D,2374,17,22,L},{D,2375,11,18,T},{D,2377,6,10,G,{K}},{B,2383,1,1},{B,2384,1,1},{D,2385,21,26,N},{B,2387,1,1},{A,2388,2,69,16,C,"plume.stdCheckType"},{D,2389,17,20,Z},{D,2390,6,9,Z},{B,2402,1,1},{D,2404,7,14,T},{D,2405,11,18,T},{D,2409,10,17,"tostring"},{B,2412,1,1},{B,2421,1,1},{A,2423,8,62,3,C,"registerLuaStdFunction"},{B,2430,1,1},{B,2438,1,2},{B,2443,1,1},{B,2445,1,1},{B,2452,1,1},{D,2453,19,23,"pairs"}},{},{4,27,0,26,57,2,0,0,40,0,22,15,23,0,1,1,17,50,36,34,19,55,6,22,14,13,4,1,32,28,19,54,6,34,14,22,4,2,62,19,35,62,5,29,13,5,1,60,29,45,29,79,92,106,39,14,49,29,71,13,5,1,6,62,29,74,41,91,14,110,26,116,113,39,14,53,5,1,60,28,48,32,82,92,116,39,14,35,5,1,64,30,67,39,89,92,100,101,39,14,1,28,30,5,24,13,5,1,60,28,49,27,77,14,110,26,39,14,43,5,1,58,27,49,91,92,39,102,5,39,14,43,5,58,27,49,91,92,39,102,5,39,14,43,5,1,39,44,52,29,41,26,76,93,95,40,15,39,33,32,33,6,22,7,60,33,41,26,76,93,95,40,15,32,27,114,7,6,1,20,6,2,1,38,43,52,28,40,26,76,93,95,40,15,39,32,27,33,33,7,6,22,7,60,33,40,26,76,93,95,40,15,32,23,94,7,6,1,20,6,2,1,38,1,93,45,50,1,116,18,40,6,117,20,5,5,1,42,1,65,47,5,1,39,49,28,41,26,76,93,96,40,15,27,7,49,28,41,26,76,93,96,40,15,27,7,49,28,41,26,76,93,96,40,15,27,7,52,29,42,26,76,93,96,40,15,28,7,52,29,42,26,76,93,96,40,15,28,7,52,29,42,26,76,93,96,40,15,28,7,54,30,53,29,79,93,96,96,40,15,32,7,52,29,42,26,76,93,96,40,15,28,7,52,29,42,26,76,93,96,40,15,28,7,52,29,42,26,76,93,96,40,15,28,7,50,28,41,26,76,93,96,40,15,27,7,54,30,43,26,76,93,96,40,15,29,7,17,21,18,2,1,109,47,27,5,49,29,5,49,16,5,1,41,16,33,30,41,44,7,24,6,1,43,28,27,29,31,30,30,33,53,50,54,21,67,6,1,29,86,79,28,36,53,56,6,7,6,23,1,22,32,91,98,29,37,56,61,7,8,7,1,54,6,5,1,21,4,1,41,18,53,115,30,59,26,76,14,109,21,96,112,40,15,48,7,51,115,29,58,26,76,14,109,21,96,112,40,15,47,7,53,115,30,59,26,76,14,109,21,96,112,40,15,54,7,49,115,28,41,26,76,93,96,40,15,27,7,53,115,30,67,36,86,93,96,102,102,40,15,47,7,55,115,31,159,34,84,75,237,25,49,45,53,96,111,40,15,29,81,4,7,57,115,31,59,34,84,93,96,111,40,15,45,7,1,9,51,115,29,42,26,76,93,96,40,15,14,18,18,19,7,18,6,6,2,1,47,52,26,31,52,34,18,26,28,7,75,6,6,2,1,38,55,31,47,29,79,93,105,40,15,31,7,1,30,57,32,51,32,82,93,114,40,15,43,31,17,15,7,26,13,12,7,25,6,2,1,45,1,36,21,29,37,50,30,6,30,38,9,6,1,40,19,47,23,25,7,6,5,13,4,1,27,31,41,32,38,25,4,36,35,8,39,7,23,27,7,6,5,24,4,1,30,23,34,5,34,1,35,15,57,32,37,85,94,41,16,37,1,20,23,7,1,36,8,67,37,42,85,94,41,16,37,1,20,23,7,1,41,8,57,32,37,85,94,41,16,37,28,8,53,30,35,85,94,41,16,37,1,16,80,7,1,23,8,57,32,37,85,94,41,16,37,1,20,78,7,1,31,27,8,23,7,1,8,53,30,49,33,83,94,115,41,16,37,1,20,76,7,1,40,35,8,53,30,35,85,94,41,16,33,1,29,19,57,7,38,20,59,7,1,30,15,16,1,28,8,1,63,35,40,85,94,41,16,1,31,52,8,49,7,8,59,33,38,85,94,41,16,39,8,53,30,35,85,94,41,16,33,8,55,31,60,93,16,112,28,41,16,46,23,25,7,1,68,8,55,31,36,85,94,41,16,46,23,25,7,1,35,20,59,7,16,15,8,67,37,42,85,94,41,16,40,1,33,43,53,43,46,8,7,23,8,53,30,35,85,94,41,16,40,1,28,17,30,39,18,1,41,44,48,50,47,47,1,41,9,8,7,23,7,3,1,22,1,28,21,1,31,14,7,25,6,1,31,14,7,25,6,1,41,5,1,34,61,34,39,85,94,41,16,21,8,1,51,29,62,30,80,94,21,74,20,77,8,7,21,74,20,77,8,7,41,16,20,7,3,2,18,4,1,40,69,28,46,28,78,92,104,39,14,23,5,1,54,34,1,41,49,28,40,26,76,93,95,40,15,104,6,2,1,64,30,48,28,78,92,104,39,14,38,82,23,12,7,18,6,5,58,1,20,41,30,5,30,45,5,1,27,23,40,40,1,51,6,5,2,38,53,30,51,33,83,94,115,41,16,48,15,8,57,32,44,27,77,94,96,41,16,52,8,59,33,45,27,77,94,96,41,16,16,33,25,32,17,8,7,28,10,33,25,32,17,19,21,9,8,7,8,59,33,45,27,77,94,96,41,16,14,15,8,57,32,58,34,84,94,96,109,41,16,28,98,48,7,30,14,1,34,36,20,22,12,9,8,21,7,18,7,3,37,52,28,27,32,49,32,61,7,7,3,2,21,5,1,38,32,29,33,29,1,49,1,14,41,44,64,33,6,31,36,21,43,5,13,4,1,43,64,58,117,5,1,59,35,5,13,4,1,42,1,17,53,115,30,43,26,76,93,96,40,15,31,7,53,115,30,43,26,76,93,96,40,15,31,7,1,57,115,32,86,40,90,13,107,23,96,114,22,79,19,79,7,6,40,15,19,64,33,33,7,6,1,32,41,134,7,1,21,34,22,28,22,24,23,34,31,5,30,6,1,38,7,1,10,59,115,33,46,26,76,93,96,40,15,22,21,7,22,6,7,1,18,51,115,29,42,26,76,93,96,40,15,53,7,53,115,30,43,26,76,93,96,40,15,36,7,53,115,30,43,26,76,93,96,40,15,36,7,59,115,33,46,26,76,93,96,40,15,36,7,55,115,31,44,26,76,93,96,40,15,38,76,7,55,115,31,60,26,76,12,105,20,96,104,40,15,44,7,1,11,51,115,29,65,35,85,13,107,23,96,114,40,15,19,64,6,1,49,7,59,115,33,69,35,85,13,107,23,96,114,40,15,19,64,6,1,27,21,7,22,6,7,63,115,35,71,35,85,13,107,23,96,114,40,15,19,64,6,1,32,21,7,22,6,7,59,115,33,69,35,85,13,107,23,96,114,40,15,19,64,6,1,32,21,7,22,6,7,53,115,30,66,35,85,13,107,23,96,114,40,15,19,64,6,1,18,32,21,6,1,21,7,1,17,53,115,30,66,26,76,18,119,19,23,96,104,40,15,34,1,19,56,6,1,16,50,30,34,28,6,1,20,41,34,6,1,17,7,53,115,30,43,26,76,93,96,40,15,34,1,16,35,30,34,24,6,1,20,41,34,6,1,17,7,57,115,32,68,35,85,13,107,23,96,114,40,15,1,19,64,6,1,34,1,34,30,34,6,1,17,7,61,115,34,70,35,85,13,107,23,96,114,40,15,19,64,6,1,34,21,74,1,17,7,1,49,115,28,74,33,83,12,105,18,96,108,104,40,15,26,20,20,27,19,30,7,6,1,36,7,1,49,115,28,73,44,94,93,96,117,111,40,15,39,6,2,1,35,32,64,28,16,5,1,44,43,34,30,35,4,6,31,40,5,1,13,4,1,40,15,28,6,75,28,16,5,13,4,1,42,53,1,33,32,14,74,26,27,8,43,64,7,7,20,6,1,29,24,5,1,11,4,1,40,55,31,66,33,83,93,95,24,83,19,84,7,6,40,15,85,58,1,38,26,30,7,6,1,44,7,55,31,53,32,82,93,95,40,15,30,33,14,7,51,29,68,92,12,105,18,104,40,15,33,12,6,1,26,87,45,6,1,34,63,112,7,6,1,40,7,61,34,55,31,81,93,95,40,15,29,18,32,20,14,10,7,6,1,21,58,6,1,21,30,14,7,55,31,52,31,81,93,95,40,15,29,32,20,22,7,6,1,21,7,51,29,48,29,79,93,95,40,15,32,27,19,7,6,19,7,57,32,51,29,79,93,95,40,15,39,32,27,34,45,7,6,1,22,7,53,30,50,26,76,14,109,25,95,40,15,16,19,33,28,23,8,7,22,7,24,6,7,53,30,53,33,83,93,95,40,15,28,39,24,33,23,3,22,7,1,51,29,57,26,76,16,113,27,95,119,40,15,35,45,139,7,1,21,34,22,28,22,22,34,31,28,5,30,7,23,15,6,7,1,51,29,41,26,76,93,95,40,15,38,7,1,59,33,45,26,76,93,95,40,15,42,7,1,49,28,50,92,93,40,103,6,40,15,14,33,13,6,17,6,2,1,45,56,29,39,26,76,93,40,15,54,23,69,7,18,6,6,2,1,33,1,26,55,4,1,29,9,56,18,29,14,25,24,6,72,5,1,16,4,1,24,22,34,4,1,56,25,25,1,23,23,1,36,21,21,5,36,21,21,5,1,24,1,39,32,6,40,5,5,1,55,25,25,1,23,23,1,36,21,21,5,36,21,21,5,1,24,1,39,32,6,40,5,5,1,55,25,25,1,23,23,1,38,50,5,1,36,21,21,5,36,21,21,5,1,24,1,31,5,1,55,25,25,1,23,23,1,38,48,5,1,36,21,21,5,36,21,21,5,1,24,1,31,5,1,1,27,36,2,15,15,12,10,9,3,1,37,35,31,29,26,5,31,15,7,62,6,5,1,34,43,11,48,48,48,48,48,47,4,5,1,31,1,30,48,40,6,47,5,1,21,25,5,1,35,60,32,52,8,60,34,32,32,42,1,27,23,7,1,23,32,1,15,8,60,32,29,42,1,27,62,7,28,8,15,15,15,15,47,27,27,1,25,25,1,40,23,7,1,55,8,47,27,27,1,25,25,1,40,95,7,1,54,7,3,2,19,4,1,27,40,20,1,26,1,34,1,39,87,79,31,26,6,79,49,6,79,31,28,3,23,35,28,34,30,32,30,27,7,61,6,6,1,33,33,33,33,1,66,26,26,1,24,24,1,47,22,6,1,34,6,1,66,26,26,1,24,24,1,47,102,6,1,33,6,1,23,4,1,35,10,4,1,39,50,28,177,83,67,232,20,22,18,20,20,20,20,24,30,107,111,103,107,107,107,107,115,127,39,14,26,7,2,59,33,52,32,82,93,114,40,15,33,7,1,49,28,33,84,93,40,15,43,7,1,44,45,48,49,1,54,30,52,26,76,93,20,75,19,78,7,6,40,15,29,15,6,1,11,14,6,2,1,1,77,56,47,51,5,5,1,38,4,1,61,19,1,33,21,26,41,7,31,6,5,1,36,28,34,42,8,72,7,6,5,1,1,34,4,1,69,25,43,46,23,67,26,7,20,6,5,52,18,5,1,52,24,23,20,6,56,22,19,5,1,27,24,6,45,45,9,5,4,1,17,62,21,14,5,21,20,5,1,23,21,15,28,21,20,3,2,39,37,52,39,1,4,1,33,34,36,35,39,36,1,39,23,4,3,0},{"comment","comment","comment","comment","comment",[9]="comment",[56]="comment",[63]="comment",[75]="comment",[87]="comment",[100]="comment",[118]="comment",[131]="comment",[143]="comment",[157]="comment",[173]="comment",[194]="comment",[212]="comment",[253]="comment",[264]="comment",[275]="comment",[286]="comment",[297]="comment",[308]="comment",[320]="comment",[331]="comment",[342]="comment",[353]="comment",[364]="comment",[375]="comment",[451]="comment",[464]="comment",[479]="comment",[494]="comment",[506]="comment",[520]="comment",[538]="comment",[553]="comment",[557]="comment",[567]="comment",[602]="comment",[606]="comment",[615]="comment",[688]="comment",[703]="comment",[718]="comment",[728]="comment",[743]="comment",[765]="comment",[781]="comment",[806]="comment",[820]="comment",[829]="comment",[840]="comment",[854]="comment",[873]="comment",[891]="comment",[942]="comment",[965]="comment",[982]="comment",[986]="comment",[987]="comment",[998]="comment",[1011]="comment",[1048]="comment",[1060]="comment",[1071]="comment",[1099]="comment",[1112]="comment",[1183]="comment",[1193]="comment",[1205]="comment",[1227]="comment",[1256]="comment",[1266]="comment",[1274]="comment",[1284]="comment",[1296]="comment",[1308]="comment",[1320]="comment",[1332]="comment",[1348]="comment",[1352]="comment",[1365]="comment",[1384]="comment",[1407]="comment",[1430]="comment",[1453]="comment",[1466]="comment",[1480]="comment",[1510]="comment",[1539]="comment",[1566]="comment",[1591]="comment",[1615]="comment",[1691]="comment",[1692]="comment",[1711]="comment",[1725]="comment",[1751]="comment",[1777]="comment",[1795]="comment",[1811]="comment",[1832]="comment",[1853]="comment",[1874]="comment",[1905]="comment",[1917]="comment",[1930]="comment",[1947]="comment",[2297]="comment",[2309]="comment",[2319]="comment",[2341]="comment"}}
f:\dropbox\proj\code\dev\plume\plume\plume-data\engine\utils.lua
1781446134
local A,B,C,D,E,F,G,H,I,J,K,L,M,N,O,P,Q="561","611","function","113","table","insert","ipairs","612","remove","string","concat","match","213","_","type","542","comment";return {{{A,1,1,1,1,"main_chunk"},{A,8,8,23,2,C},{B,27,1,2},{B,39,1,2},{A,50,8,32,2,C,"makeNames"},{A,76,2,62,11,C,"plume.ast.browse"},{D,96,3,7,E,{F}},{M,97,7,7,N},{D,97,19,24,G},{D,103,3,7,E,{I}},{A,106,2,59,1,C,"plume.ast.set"},{A,107,26,71,1,C},{A,111,2,53,3,C,"plume.ast.get"},{A,115,26,44,2,C},{A,125,2,56,3,C,"plume.ast.getAll"},{A,129,26,44,2,C},{D,131,5,9,E,{F}},{A,138,2,50,101,C,"plume.ast.markType"},{D,163,19,24,G},{B,174,1,3},{H,241,28,28},{H,253,37,37},{A,293,2,49,3,C,"plume.checkIdentifier"},{A,301,2,35,1,C,"plume.ast.labelMacro"},{A,302,25,38,7,C},{A,314,8,28,3,C,"formatDir"},{A,321,8,40,3,C,"formatDirFromFilename"},{A,329,2,35,12,C,"plume.normalizePath"},{H,330,60,60},{B,333,1,2},{D,334,40,42,"lfs",{"currentdir"}},{B,335,1,2},{B,337,1,2},{D,339,15,20,J,{"gmatch"}},{D,342,6,10,E,{I}},{D,345,5,9,E,{F}},{D,349,22,26,E,{K}},{B,350,1,2},{D,351,19,24,J,{L}},{D,352,18,22,E,{I}},{D,353,33,37,E,{K}},{B,355,1,2},{D,356,9,14,J,{L}},{H,356,43,43},{D,357,17,22,J,{"gsub"}},{H,357,52,52},{B,359,1,2},{B,367,1,1},{A,368,2,84,13,C,"plume.getFilenameFromPath"},{B,370,1,2},{D,387,6,9,O},{M,389,9,9,N},{D,389,19,24,G},{D,390,9,12,O},{D,392,7,11,E,{F}},{P,393,6,9},{P,398,3,6},{D,401,3,7,E,{F}},{D,402,3,7,E,{F}},{M,405,7,7,N},{D,405,18,23,G},{M,406,8,8,N},{"423",406,8,8,N,405,7,7},{D,406,23,28,G},{D,413,5,9,E,{F}},{M,417,7,7,N},{D,417,20,25,G},{D,418,14,15,"io",{"open"}},{B,424,1,2},{A,428,2,39,2,C,"plume.stdShiftArgs"},{D,433,4,8,E,{F}}},{},{4,27,0,26,57,2,0,23,7,21,47,34,48,0,71,0,11,43,16,15,14,26,0,26,0,22,2,25,62,0,53,31,0,19,0,50,13,21,2,18,0,37,0,54,0,29,0,5,2,32,14,21,36,28,40,5,10,4,0,39,0,26,16,29,43,15,13,24,29,21,35,4,0,7,15,62,17,24,5,17,24,23,10,6,5,0,25,0,37,33,26,16,6,5,0,29,48,70,26,16,6,5,23,4,0,59,90,4,0,42,53,24,24,14,44,31,22,17,6,24,0,15,4,0,56,24,24,19,44,31,35,6,24,0,15,4,0,50,99,0,22,24,26,23,25,27,32,32,34,31,64,66,12,31,6,22,5,0,21,33,18,0,48,22,56,0,60,24,49,24,33,28,57,3,16,29,7,56,27,36,27,61,25,9,27,8,21,31,58,25,26,9,24,8,60,23,73,49,42,48,39,46,9,9,31,8,63,108,83,9,45,51,42,46,10,68,9,8,7,26,6,5,0,37,52,31,22,6,5,0,20,29,29,26,34,17,28,24,25,26,28,31,26,7,16,27,26,23,25,27,30,19,37,57,23,81,17,34,44,18,7,18,6,27,24,24,24,24,24,24,23,24,23,23,24,24,0,24,24,23,0,26,25,0,25,28,17,6,17,5,4,0,49,118,27,49,6,5,4,0,35,38,78,63,35,96,56,8,7,6,6,4,0,28,34,49,25,5,15,4,40,49,49,25,5,15,4,0,35,60,30,5,2,55,2,67,2,18,47,23,46,24,7,26,29,6,5,0,45,2,60,39,56,5,2,43,52,5,2,34,4,0,24,23,28,2,1,84,29,2,12,44,45,6,46,5,0,11,13,14,6,16,5,0,21,38,54,14,38,34,26,33,9,31,8,7,6,6,28,5,30,28,0,24,36,46,46,46,44,0,44,0,39,6,5,0,41,28,12,13,17,6,5,2,25,4,0,39,30,83,14,6,36,14,5,4,3},{Q,Q,Q,Q,Q,[9]=Q,[10]=J,[11]=J,[12]=J,[13]=J,[14]=J,[15]=J,[16]=J,[17]=J,[18]=J,[19]=J,[20]=J,[21]=J,[22]=J,[23]=J,[24]=J,[25]=J,[26]=J,[27]=J,[28]=J,[29]=J,[30]=J,[31]=J,[32]=J,[33]=J,[34]=J,[35]=J,[36]=J,[37]=J,[38]=J,[39]=J,[40]=J,[41]=J,[42]=J,[43]=J,[44]=J,[45]=J,[46]=J,[47]=J,[48]=J,[63]=J,[64]=J,[65]=J,[66]=J,[67]=J,[68]=J,[69]=J,[74]=Q,[110]=Q,[167]=Q,[168]=Q,[224]=Q,[231]=Q,[304]=Q,[394]=Q,[399]=Q,[430]=Q}}
f:\dropbox\proj\code\dev\plume\plume\plume-data\engine\warning.lua
1781436020
local A,B,C,D,E,F,G,H="561","function","113","table","insert","412","help","comment";return {{{A,1,1,1,1,"main_chunk"},{A,8,8,23,1,B},{A,18,2,61,8,B,"plume.warning.throwWarning"},{"213",20,7,7,"_"},{C,20,19,24,"ipairs"},{C,21,30,37,"tostring"},{C,37,4,8,D,{E}},{C,45,4,8,D,{E}},{A,56,2,70,1,B,"plume.warning.runtimeWarning"},{A,61,8,61,1,B,"deprecatedMessage"},{C,63,10,15,"string",{"format"}},{A,75,2,90,1,B,"plume.warning.deprecatedRuntime"},{F,76,14,17,G,75,65,68},{A,79,2,91,1,B,"plume.warning.deprecatedCompilationTime"},{F,80,14,17,G,79,79,82},{A,91,2,88,1,B,"plume.warning.deprecatedFunctionRuntime"},{A,92,10,40,1,B}},{},{4,27,0,26,57,2,0,23,19,0,40,81,80,69,42,86,48,61,41,35,53,5,0,46,0,26,9,5,0,26,0,26,45,5,0,38,87,50,5,0,40,0,52,48,55,5,4,0,28,68,42,86,51,67,78,70,47,53,4,0,61,38,87,4,0,68,75,54,68,68,62,51,67,78,90,65,62,4,91,65,53,4,0,68,68,68,62,78,59,94,88,40,83,33,5,4,3},{H,H,H,H,H,[11]=H,[12]=H,[13]=H,[14]=H,[15]=H,[16]=H,[17]=H,[49]=H,[50]=H,[51]=H,[52]=H,[53]=H,[54]=H,[55]=H,[66]=H,[67]=H,[68]=H,[69]=H,[70]=H,[71]=H,[72]=H,[73]=H,[74]=H,[84]=H,[85]=H,[86]=H,[87]=H,[88]=H,[89]=H,[90]=H}}
f:\dropbox\proj\code\dev\plume\plume\plume-data\engine\compiler\core.lua
1781437037
local A,B,C,D,E,F="561","function","612","113","require","comment";return {{{A,1,1,1,1,"main_chunk"},{A,8,8,22,1,B},{A,15,2,59,7,B,"plume.compileFile"},{C,30,42,42},{C,32,27,27},{"213",35,7,7,"_"},{A,57,2,53,1,B,"plume.newCompilationContext"},{"611",66,1,2},{D,80,3,9,E},{D,81,3,9,E},{D,82,3,9,E},{D,83,3,9,E},{D,84,3,9,E},{D,87,3,9,E},{D,89,3,9,E},{D,90,3,9,E},{D,91,3,9,E},{D,92,3,9,E},{D,93,3,9,E},{D,94,3,9,E},{D,95,3,9,E},{D,96,3,9,E},{D,97,3,9,E}},{},{4,27,0,26,57,2,0,22,53,38,71,70,47,67,59,33,56,14,5,0,61,0,62,35,51,28,5,0,34,42,57,27,0,18,44,49,5,0,21,66,36,25,0,25,35,51,34,5,0,33,0,13,4,0,23,16,53,20,0,49,0,23,27,0,39,2,24,24,24,24,24,24,0,32,0,26,0,36,0,65,65,65,65,91,0,31,101,0,101,101,101,101,101,101,101,101,101,0,0,16,4,3},{F,F,F,F,F,[9]=F,[10]=F,[11]=F,[12]=F,[13]=F,[14]=F,[23]=F,[29]=F,[31]=F,[34]=F,[39]=F,[41]=F,[44]=F,[55]=F,[56]=F}}
f:\dropbox\proj\code\dev\plume\plume\plume-data\engine\compiler\labels.lua
1776802496
local A,B,C,D,E,F="561","function","113","table","insert","comment";return {{{A,1,1,1,1,"main_chunk"},{A,8,8,32,1,B},{"212",8,18,22,"plume"},{A,15,2,49,1,B,"context.registerLabel"},{C,17,3,7,D,{E}},{A,26,2,48,2,B,"context.registerGoto"},{C,28,3,7,D,{E}}},{},{4,27,0,26,57,2,0,32,72,74,34,49,65,47,49,46,61,4,0,68,48,34,49,64,85,48,46,71,4,3},{F,F,F,F,F,[9]=F,[10]=F,[11]=F,[12]=F,[13]=F,[14]=F,[20]=F,[21]=F,[22]=F,[23]=F,[24]=F,[25]=F}}
f:\dropbox\proj\code\dev\plume\plume\plume-data\engine\compiler\utils.lua
1781428126
local A,B,C,D,E,F,G,H,I,J="561","function","113","table","insert","612","213","_","ipairs","comment";return {{{A,1,1,1,1,"main_chunk"},{A,8,8,32,1,B},{A,11,2,30,1,B,"context.getLast"},{A,19,2,26,1,B,"context.getUID"},{A,30,2,57,5,B,"context.registerOP"},{C,31,3,8,"assert"},{C,38,4,8,D,{E}},{C,40,4,8,D,{E}},{A,46,2,37,1,B,"context.getCurrentScope"},{F,46,36,37},{F,47,41,42},{A,51,2,34,1,B,"context.toggleConcatOn"},{C,52,3,7,D,{E}},{A,54,2,35,1,B,"context.toggleConcatOff"},{C,55,3,7,D,{E}},{A,57,2,35,1,B,"context.toggleConcatPop"},{C,58,3,7,D,{"remove"}},{A,60,2,36,1,B,"context.checkIfCanConcat"},{A,67,2,35,4,B,"context.countLocals"},{F,68,50,50},{G,72,7,7,H},{C,72,17,22,I},{G,75,7,7,H},{C,75,22,27,I},{A,83,2,38,12,B,"context.checkArgsOrder"},{G,85,7,7,H},{C,85,19,24,I},{A,119,2,39,7,B,"context.collectComments"},{C,130,5,9,D,{E}},{C,137,10,14,D,{"concat"}}},{},{4,27,0,26,57,2,0,32,22,45,30,36,4,0,14,37,24,18,26,13,51,4,0,44,57,67,79,80,24,57,41,46,57,15,44,38,6,53,6,31,5,4,0,44,18,37,42,4,0,58,34,37,4,35,38,4,35,31,4,36,33,4,0,51,21,19,35,50,55,0,48,31,58,5,41,41,21,6,5,14,4,0,38,44,42,36,21,58,26,59,29,62,7,40,24,21,26,57,8,8,22,22,54,30,58,8,7,37,24,6,5,4,0,91,93,88,46,78,39,28,20,12,5,0,19,22,78,44,34,39,73,15,6,30,5,0,35,4,3},{J,J,J,J,J,[9]=J,[10]=J,[16]=J,[17]=J,[18]=J,[24]=J,[25]=J,[26]=J,[27]=J,[28]=J,[29]=J,[31]=J,[44]=J,[45]=J,[50]=J,[64]=J,[65]=J,[66]=J,[114]=J,[115]=J,[116]=J,[117]=J,[118]=J}}
f:\dropbox\proj\code\dev\plume\plume\plume-data\engine\compiler\variables.lua
1781437018
local A,B,C,D,E,F,G,H,I,J,K,L,M="561","function","614","113","table","insert","611","213","_","ipairs","tonumber","pairs","comment";return {{{A,1,1,1,1,"main_chunk"},{A,8,8,32,1,B},{C,9,104,104},{A,13,2,37,2,B,"context.getNameSource"},{C,22,5,5},{A,41,2,34,11,B,"context.registerUpvalue"},{D,49,5,9,E,{F}},{D,57,5,9,E,{F}},{G,64,1,4},{H,71,8,8,I},{D,71,20,25,J},{D,80,6,10,E,{F}},{D,82,6,10,E,{F}},{G,85,1,3},{D,92,5,9,E,{F}},{A,109,2,42,5,B,"context.manageUpvalues"},{H,110,7,7,I},{D,110,19,24,J},{H,130,7,7,I},{D,130,19,24,J},{G,139,1,1},{A,145,2,43,13,B,"context.getVariable"},{G,158,1,3},{G,163,1,4},{A,219,2,41,3,B,"context.registerConstant"},{D,221,6,13,K},{D,222,10,17,"tostring"},{D,227,4,8,E,{F}},{A,248,2,55,7,B,"context.registerVariable"},{G,258,1,2},{D,261,3,7,E,{F}},{"612",261,37,37},{A,291,2,43,17,B,"context.getAllVisiblesVariables"},{D,299,16,20,L},{D,300,12,19,K},{D,306,15,19,L},{D,309,8,11,"type"},{D,310,16,20,L},{D,323,12,16,L}},{},{4,27,0,26,57,2,0,32,104,85,44,23,37,41,0,21,28,5,4,0,80,5,84,78,87,56,84,63,4,84,58,4,65,88,120,90,94,45,22,55,34,90,2,54,64,0,36,14,34,32,15,41,22,24,6,7,34,32,74,76,22,26,6,4,6,0,59,0,54,14,37,51,17,10,7,6,0,20,15,52,8,51,7,6,3,5,0,65,30,61,42,39,37,36,21,6,75,6,5,0,83,0,31,4,0,33,26,26,42,37,22,27,29,47,35,5,27,32,10,35,5,7,27,28,21,35,5,6,5,37,22,95,62,7,69,6,5,4,1,52,52,48,55,54,43,22,27,33,0,60,31,27,6,0,36,9,6,3,36,24,34,16,4,26,27,37,12,11,18,9,31,19,7,9,37,12,23,18,9,31,11,25,7,8,8,15,38,36,37,39,35,33,34,28,6,7,0,26,69,7,0,17,6,5,0,62,113,15,11,17,44,4,5,4,0,90,44,76,41,11,25,24,6,14,5,36,41,46,5,31,4,0,55,35,49,25,58,84,74,69,53,30,27,35,28,33,112,55,62,13,35,0,25,0,69,26,5,2,44,52,37,0,17,88,31,29,30,33,30,20,27,25,43,36,40,3,0,23,49,5,0,25,40,66,48,5,0,20,4,0,43,19,30,33,47,25,6,36,32,85,18,7,6,5,0,33,24,18,42,32,28,30,9,8,7,6,5,0,26,20,5,0,46,24,18,6,5,0,15,4,3},{M,M,M,M,M,[9]=M,[10]=M,[11]=M,[12]=M,[21]=M,[22]=M,[23]=M,[24]=M,[25]=M,[26]=M,[27]=M,[28]=M,[29]=M,[30]=M,[31]=M,[32]=M,[33]=M,[34]=M,[35]=M,[36]=M,[37]=M,[38]=M,[39]=M,[40]=M,[44]=M,[59]=M,[60]=M,[88]=M,[101]=M,[106]=M,[107]=M,[108]=M,[140]=M,[141]=M,[142]=M,[143]=M,[144]=M,[206]=M,[216]=M,[217]=M,[218]=M,[233]=M,[234]=M,[235]=M,[236]=M,[237]=M,[238]=M,[239]=M,[240]=M,[241]=M,[242]=M,[243]=M,[244]=M,[245]=M,[246]=M,[247]=M,[249]=M,[259]=M,[260]=M,[264]=M,[272]=M,[283]=M}}
f:\dropbox\proj\code\dev\plume\plume\plume-data\engine\compiler\warnings.lua
1781428108
local A,B,C,D,E,F="614","611","561","function","113","comment";return {{{C,1,1,1,1,"main_chunk"},{A,1,31,32},{B,2,1,2},{A,3,63,64},{A,4,69,70},{A,5,56,57},{B,6,1,2},{A,7,58,59},{A,8,63,64},{A,9,53,54},{A,10,53,54},{B,11,1,2},{A,12,85,86},{A,13,45,46},{"612",14,3,4},{B,15,1,2},{C,16,8,32,1,D},{C,17,2,51,15,D,"context.emiVariablesUsageWarning"},{E,18,20,24,"pairs"},{E,19,11,18,"tonumber"},{C,69,2,46,1,D,"context.macroWithoutDocWarning"},{C,73,8,29,1,D,"getCode"},{C,77,2,40,9,D,"context.checkCallWarning"},{E,89,7,12,"string",{"format"}},{C,106,2,45,5,D,"context.checkForWarnings"},{"213",111,8,8,"_"},{E,111,20,25,"ipairs"}},{},{32,2,64,70,57,2,59,64,54,54,2,86,46,4,2,32,51,36,42,24,31,25,34,37,53,28,8,9,28,33,28,33,27,7,33,33,39,33,27,7,26,33,31,34,27,7,9,33,31,33,27,7,8,26,24,30,23,33,32,56,40,26,6,7,6,5,4,0,46,83,4,0,29,44,4,0,40,49,83,43,49,0,42,15,31,32,56,83,61,22,6,7,20,62,32,97,67,22,6,7,6,5,4,0,45,45,22,80,5,13,49,42,6,5,4,3},{F,F,F,F,F,F,F,F,F,F,F,F,F,[105]=F}}
f:\dropbox\proj\code\dev\plume\plume\plume-data\engine\compiler\wrappers.lua
1781436994
local A,B,C,D,E,F,G,H,I,J="614","611","561","function","612","113","table","insert","remove","comment";return {{{C,1,1,1,1,"main_chunk"},{A,1,31,32},{B,2,1,2},{A,3,63,64},{A,4,69,70},{A,5,56,57},{B,6,1,2},{A,7,58,59},{A,8,63,64},{A,9,53,54},{A,10,53,54},{B,11,1,2},{A,12,85,86},{A,13,45,46},{E,14,3,4},{B,15,1,2},{C,16,8,32,1,D},{C,19,5,41,1,D,"context.accTableInit"},{E,19,40,41},{E,21,8,8},{A,26,100,100},{C,28,5,34,2,D,"context.accBlock"},{E,28,33,34},{C,34,16,37,14,D},{E,37,68,69},{B,38,1,16},{E,40,24,25},{E,43,30,31},{E,44,55,56},{E,45,20,21},{E,48,17,18},{E,51,75,75},{E,52,46,46},{E,56,34,35},{E,57,59,60},{E,58,24,25},{A,59,50,51},{E,60,49,50},{E,68,34,35},{E,69,59,60},{E,70,24,25},{E,79,34,35},{E,80,59,60},{E,90,20,21},{E,91,16,17},{B,92,1,12},{E,93,12,21},{E,94,8,9},{B,95,1,4},{C,100,5,45,3,D,"context.enterScope"},{F,115,9,13,G,{H}},{F,116,9,13,G,{H}},{C,122,5,42,2,D,"context.leaveScope"},{F,123,32,36,G,{I}},{F,124,42,46,G,{I}},{B,125,1,8},{B,131,1,8},{A,136,100,100},{C,139,5,42,2,D,"context.scope"},{E,139,41,42},{E,140,41,42},{C,141,16,30,3,D},{E,143,27,28},{E,145,24,25},{E,147,17,18},{E,148,24,25},{E,149,16,17},{E,150,12,21},{E,151,8,9},{B,152,1,4},{A,154,100,100},{C,156,5,30,2,D,"context.file"},{E,156,29,30},{C,158,16,32,1,D},{E,158,31,32},{F,159,13,17,G,{H}},{E,159,59,60},{E,160,20,21},{F,161,13,17,G,{I}},{E,161,40,41},{E,162,12,21},{E,163,8,9}},{},{32,2,64,70,57,2,59,64,54,54,2,86,46,4,2,32,40,19,41,59,8,0,86,54,30,100,24,34,40,0,28,84,23,37,39,63,69,16,40,25,41,0,31,56,21,68,63,18,60,69,75,46,27,45,0,35,60,25,51,50,46,67,0,45,27,45,0,35,60,25,73,67,72,48,45,27,45,0,35,60,23,71,102,58,109,28,79,27,23,21,17,12,21,9,4,78,75,92,71,45,20,67,15,70,11,0,22,63,11,0,36,32,57,0,40,49,7,0,103,77,81,42,62,70,8,25,64,15,58,11,8,7,0,26,63,100,35,24,42,42,30,69,28,40,25,40,18,25,17,21,9,4,24,100,24,30,40,32,60,21,41,21,9,3},{J,J,J,J,J,J,J,J,J,J,J,J,J,[17]=J,[18]=J,[23]=J,[24]=J,[25]=J,[26]=J,[27]=J,[31]=J,[32]=J,[33]=J,[49]=J,[50]=J,[59]=J,[73]=J,[83]=J,[96]=J,[97]=J,[98]=J,[99]=J,[103]=J,[104]=J,[112]=J,[119]=J,[120]=J,[121]=J,[128]=J,[129]=J,[134]=J,[135]=J,[136]=J,[137]=J,[138]=J,[153]=J,[154]=J,[155]=J}}
f:\dropbox\proj\code\dev\plume\plume\plume-data\engine\compiler\handlers\alu.lua
1781428075
local A,B,C,D,E="561","function","614","611","comment";return {{{A,1,1,1,1,"main_chunk"},{A,8,8,50,2,B},{A,17,32,45,1,B,"nodeHandlerTable.BLOCK_CALL"},{A,22,17,26,3,B},{C,35,61,62},{C,36,84,85},{A,38,26,39,21,B,"nodeHandlerTable.EVAL"},{D,51,1,3},{D,55,1,4},{D,59,1,3},{"612",63,43,43},{D,64,1,3},{A,115,30,43,2,B},{A,129,25,38,1,B,"nodeHandlerTable.NEQ"},{A,135,24,37,2,B,"nodeHandlerTable.GT"},{A,144,25,38,1,B,"nodeHandlerTable.LTE"},{A,150,25,38,1,B,"nodeHandlerTable.GTE"},{A,159,24,37,1,B,"nodeHandlerTable.OR"},{A,168,25,38,1,B,"nodeHandlerTable.AND"}},{},{4,27,0,26,57,2,0,50,26,19,17,8,62,50,54,56,45,45,45,0,28,26,18,36,6,0,31,33,7,28,6,12,4,0,62,85,73,39,47,32,33,0,25,31,34,0,51,30,33,65,3,21,41,34,4,51,30,70,3,16,66,65,43,3,33,80,52,30,49,65,6,5,27,64,27,0,45,28,33,61,51,51,31,34,32,44,22,75,17,7,0,40,102,94,65,27,72,7,62,6,5,0,69,36,52,5,4,0,0,37,52,31,56,39,43,40,40,41,6,55,5,4,0,58,58,58,0,26,38,27,44,4,0,21,37,39,26,40,5,43,4,0,26,38,27,44,4,0,26,38,27,44,4,0,49,25,48,49,37,30,39,104,39,46,45,4,0,38,30,39,110,39,47,46,4,0,29,48,3},{E,E,E,E,E,[9]=E,[10]=E,[11]=E,[12]=E,[13]=E,[14]=E,[15]=E,[16]=E,[21]=E,[35]=E,[36]=E,[37]=E,[39]=E,[43]=E,[50]=E,[52]=E,[58]=E,[60]=E,[62]=E,[65]=E,[74]=E,[77]=E,[94]=E,[95]=E,[103]=E,[110]=E,[111]=E,[112]=E,[117]=E,[124]=E,[125]=E,[126]=E,[128]=E,[134]=E,[143]=E,[149]=E,[155]=E,[156]=E,[157]=E,[158]=E,[162]=E,[171]=E,[177]=E}}
f:\dropbox\proj\code\dev\plume\plume\plume-data\engine\compiler\handlers\branch.lua
1781446159
local A,B,C,D,E,F="561","function","113","table","insert","comment";return {{{A,1,1,1,1,"main_chunk"},{A,8,8,50,1,B},{A,13,24,37,13,B,"nodeHandlerTable.IF"},{"213",37,7,7,"_"},{C,37,19,24,"ipairs"},{C,41,4,8,D,{E}},{C,42,4,8,D,{E}},{C,47,4,8,D,{E}},{C,49,4,8,D,{E}}},{},{4,27,0,26,57,2,0,50,66,25,69,45,37,52,47,52,47,30,0,46,43,45,28,30,27,3,0,18,26,20,31,6,5,46,0,39,36,60,55,0,30,41,5,0,15,44,30,24,36,5,0,32,25,26,36,54,23,29,41,29,73,6,30,43,7,25,6,52,42,51,7,6,0,63,5,0,63,4,3},{F,F,F,F,F,[9]=F,[10]=F,[11]=F,[12]=F,[20]=F,[21]=F,[22]=F,[34]=F}}
f:\dropbox\proj\code\dev\plume\plume\plume-data\engine\compiler\handlers\core.lua
1781419521
local A,B,C,D,E,F="561","function","113","212","node","comment";return {{{A,1,1,1,1,"main_chunk"},{A,8,8,50,1,B},{D,8,18,22,"plume"},{A,12,2,35,2,B,"context.nodeHandler"},{C,16,4,8,"error"},{A,26,2,39,3,B,"context.childrenHandler"},{"213",27,7,7,"_"},{C,27,19,24,"ipairs"},{A,32,26,39,1,B,"nodeHandlerTable.NULL"},{D,32,35,38,E},{A,35,31,44,1,B,"nodeHandlerTable.LINESTART"},{D,35,40,43,E}},{},{4,27,0,26,57,2,0,50,72,41,67,35,38,45,21,81,5,15,4,0,30,39,40,21,16,39,48,29,5,4,0,39,4,0,44,4,3},{F,F,F,F,F,[9]=F,[10]=F,[11]=F,[16]=F,[21]=F,[22]=F,[23]=F,[24]=F,[25]=F}}
f:\dropbox\proj\code\dev\plume\plume\plume-data\engine\compiler\handlers\directives.lua
1781436966
local A,B,C,D,E,F,G,H,I,J,K,L="561","function","113","table","insert","type","213","_","ipairs","611","pairs","comment";return {{{A,1,1,1,1,"main_chunk"},{A,8,8,50,6,B},{A,9,8,60,1,B,"getRawValue"},{A,11,26,40,2,B},{C,13,5,9,D,{E}},{C,18,10,14,D,{"concat"}},{A,23,29,42,13,B,"nodeHandlerTable.USE_LIB"},{G,28,7,7,H},{C,28,19,24,I},{C,52,3,7,D,{E}},{J,59,1,2},{C,66,13,16,F},{C,66,56,59,F},{G,71,7,7,H},{C,71,17,22,I},{C,78,3,7,D,{"remove"}},{A,90,13,33,9,B,"directivesHandler.warning.method"},{J,94,1,1},{C,97,7,11,D,{E}},{G,108,10,10,H},{C,108,18,23,I},{A,121,13,32,2,B,"directivesHandler.devWarnings.method"},{A,129,13,32,3,B,"directivesHandler.context.method"},{C,132,24,28,K},{G,146,6,6,H},{C,146,20,24,K},{C,148,24,28,K},{C,149,8,11,F},{G,150,10,10,H},{"423",150,10,10,H,146,6,6},{C,150,22,27,I},{A,159,35,48,9,B,"nodeHandlerTable.USE_DIRECTIVE"},{J,166,1,2},{G,168,7,7,H},{C,168,20,25,I},{J,183,1,3},{C,187,5,9,D,{E}},{J,190,1,2}},{},{4,27,0,26,57,2,0,50,60,18,40,31,38,7,114,6,9,28,4,0,61,63,42,46,65,0,23,65,46,50,42,56,0,14,27,6,5,0,35,58,8,9,19,22,21,3,22,69,5,0,28,52,0,43,52,66,6,5,2,0,82,21,56,5,0,67,22,54,5,0,38,47,56,6,53,5,0,42,15,4,0,24,22,13,16,44,33,16,5,33,40,39,22,1,23,49,34,8,7,0,29,26,7,0,25,45,8,35,57,41,8,7,6,4,0,17,16,43,31,5,32,23,37,48,6,4,0,13,32,71,16,37,50,20,59,8,19,7,0,107,52,6,3,2,0,46,27,50,35,38,43,8,7,6,5,4,0,26,48,55,49,50,21,65,5,2,20,66,47,51,42,0,39,0,28,38,80,85,92,7,6,0,3,14,24,7,31,6,5,2,31,4,3},{L,L,L,L,L,[21]=L,[22]=L,[39]=L,[51]=L,[158]=L}}
f:\dropbox\proj\code\dev\plume\plume\plume-data\engine\compiler\handlers\literals.lua
1776802496
local A,B,C,D,E,F,G="561","function","113","tonumber","table","insert","comment";return {{{A,1,1,1,1,"main_chunk"},{A,8,8,50,1,B},{A,14,26,39,1,B,"nodeHandlerTable.TRUE"},{A,18,27,40,1,B,"nodeHandlerTable.FALSE"},{A,22,27,40,1,B,"nodeHandlerTable.EMPTY"},{A,26,29,41,1,B,"nodeHandlerTable.COMMENT"},{A,28,26,39,3,B,"nodeHandlerTable.TEXT"},{C,31,12,19,D},{A,37,25,38,3,B,"nodeHandlerTable.RAW"},{A,51,28,41,1,B,"nodeHandlerTable.NUMBER"},{C,52,43,50,D},{A,57,27,40,8,B,"nodeHandlerTable.QUOTE"},{"213",60,7,7,"_"},{C,60,19,24,"ipairs"},{C,63,6,10,E,{F}},{C,65,6,10,E,{F}},{C,67,6,10,E,{F}},{C,69,6,10,E,{F}},{C,74,5,9,E,{F}},{C,78,43,47,E,{"concat"}}},{},{4,27,0,26,57,2,0,50,38,32,38,38,0,39,47,4,0,40,48,4,0,40,48,4,0,41,0,39,28,40,35,5,48,62,4,0,38,96,0,46,43,48,34,30,0,50,62,4,0,35,41,65,62,4,0,40,40,20,0,42,34,32,32,36,32,36,32,47,41,8,60,7,28,40,6,5,0,64,62,4,3},{G,G,G,G,G,[9]=G,[10]=G,[11]=G,[12]=G,[38]=G,[41]=G,[43]=G,[50]=G,[56]=G}}
f:\dropbox\proj\code\dev\plume\plume\plume-data\engine\compiler\handlers\loops.lua
1781446020
local A,B,C,D,E,F,G,H,I="561","function","113","table","611","insert","remove","614","comment";return {{{A,1,1,1,1,"main_chunk"},{A,8,8,50,1,B},{A,11,27,40,1,B,"nodeHandlerTable.WHILE"},{C,23,3,7,D,{F}},{"612",26,5,5},{E,27,1,2},{C,29,3,7,D,{G}},{A,37,25,38,1,B,"nodeHandlerTable.FOR"},{E,42,1,2},{A,61,18,31,1,B},{E,69,1,4},{C,70,5,9,D,{F}},{C,76,5,9,D,{G}},{E,82,1,2},{H,86,58,58},{H,89,61,61},{H,91,61,61},{A,92,30,43,3,B,"nodeHandlerTable.CONTINUE"},{A,99,27,40,4,B,"nodeHandlerTable.BREAK"}},{},{4,27,0,26,57,2,0,50,65,49,40,52,47,30,0,50,27,36,27,62,0,40,31,35,30,5,2,23,29,0,49,48,4,0,56,45,38,48,52,48,30,2,73,71,27,0,105,0,57,47,51,57,0,77,74,73,0,49,102,0,31,81,6,19,27,27,6,5,4,33,38,31,15,45,33,31,53,36,0,49,47,2,57,47,26,58,4,0,61,60,61,43,37,42,49,5,47,4,40,37,40,46,5,20,49,5,45,4,3},{I,I,I,I,I,[9]=I,[10]=I,[22]=I,[35]=I,[36]=I,[43]=I,[44]=I,[47]=I,[49]=I,[50]=I,[51]=I,[52]=I,[54]=I,[55]=I,[56]=I,[59]=I,[62]=I,[74]=I,[83]=I,[84]=I,[86]=I,[89]=I,[90]=I,[91]=I}}
f:\dropbox\proj\code\dev\plume\plume\plume-data\engine\compiler\handlers\macro.lua
1781436915
local A,B,C,D,E,F,G="561","function","113","table","insert","611","comment";return {{{A,1,1,1,1,"main_chunk"},{A,8,8,50,1,B},{A,9,27,40,16,B,"nodeHandlerTable.MACRO"},{C,47,3,7,D,{E}},{F,57,1,3},{A,68,16,26,16,B},{C,70,4,8,D,{E}},{C,77,24,29,"ipairs"},{F,82,1,4},{F,153,1,3},{F,157,1,3},{C,162,3,7,D,{"remove"}},{A,168,27,40,3,B,"nodeHandlerTable.LEAVE"}},{},{4,27,0,26,57,2,0,50,40,59,53,75,30,0,43,19,39,5,0,56,55,63,73,48,23,28,52,68,55,59,54,6,5,28,25,5,0,26,38,0,69,57,20,26,22,21,40,0,86,64,0,19,77,23,86,6,3,81,5,0,0,20,61,0,41,65,0,26,26,34,64,44,64,64,17,0,52,75,68,67,63,4,48,0,89,21,65,7,0,31,52,7,21,36,30,57,10,56,9,8,46,52,8,32,0,62,90,34,63,70,0,58,56,24,36,53,9,44,8,8,41,22,58,10,59,9,8,36,61,8,68,7,0,30,79,77,81,71,71,7,6,37,53,35,19,48,70,57,49,6,0,78,3,52,0,26,3,9,50,0,62,30,28,20,27,4,0,40,40,33,13,55,6,76,5,4,3},{G,G,G,G,G,[20]=G,[21]=G,[23]=G,[25]=G,[38]=G,[62]=G,[65]=G,[71]=G,[72]=G,[73]=G,[74]=G,[135]=G,[136]=G,[137]=G,[138]=G,[139]=G,[142]=G,[143]=G,[144]=G,[145]=G,[152]=G,[163]=G,[174]=G}}
f:\dropbox\proj\code\dev\plume\plume\plume-data\engine\compiler\handlers\scopes.lua
1781419521
local A,B,C,D,E="561","function","432","node","comment";return {{{A,1,1,1,1,"main_chunk"},{A,8,8,50,1,B},{A,9,39,52,1,B},{A,16,25,38,1,B,"nodeHandlerTable.RUN"},{A,17,20,33,1,B},{C,17,29,32,D,16,34,37},{A,23,24,37,2,B,"nodeHandlerTable.DO"},{A,25,17,26,1,B},{A,34,26,39,5,B,"nodeHandlerTable.WITH"},{"611",47,1,2},{A,55,27,40,1,B,"nodeHandlerTable.RAISE"},{A,56,20,33,1,B},{C,56,29,32,D,55,36,39}},{},{4,27,0,26,57,2,0,50,52,40,32,39,22,5,0,38,33,32,12,48,4,0,37,42,26,27,12,0,36,52,5,4,0,39,77,41,5,0,44,49,0,33,0,50,0,26,2,49,0,36,52,5,4,0,40,33,32,12,43,4,3},{E,E,E,E,E}}
f:\dropbox\proj\code\dev\plume\plume\plume-data\engine\compiler\handlers\table.lua
1776802496
local A,B,C="561","function","comment";return {{{A,1,1,1,1,"main_chunk"},{A,8,8,50,1,B},{A,13,8,31,5,B,"handleRef"},{A,26,34,47,1,B,"nodeHandlerTable.INLINE_TABLE"},{"611",29,1,1},{A,31,31,44,5,B,"nodeHandlerTable.HASH_ITEM"},{"612",40,29,29},{A,63,31,44,1,B,"nodeHandlerTable.EMPTY_REF"},{A,69,28,41,1,B,"nodeHandlerTable.EXPAND"}},{},{4,27,0,26,57,2,0,50,13,48,0,23,31,54,47,49,0,13,99,91,50,6,5,4,0,47,26,4,1,39,44,54,48,48,48,0,17,0,14,29,5,0,14,27,6,55,5,0,20,62,69,6,51,5,0,14,57,6,52,5,4,0,44,17,4,0,0,15,41,27,31,27,56,4,3},{C,C,C,C,C,[9]=C,[12]=C,[30]=C,[68]=C}}
f:\dropbox\proj\code\dev\plume\plume\plume-data\engine\compiler\handlers\variables.lua
1781436885
local A,B,C,D,E,F,G,H,I="561","function","611","614","113","ipairs","213","_","comment";return {{{A,1,1,1,1,"main_chunk"},{A,8,8,50,1,B},{A,12,32,45,6,B,"nodeHandlerTable.IDENTIFIER"},{C,28,1,2},{A,44,8,114,22,B,"resolveAssignmentTarget"},{C,46,1,2},{C,58,1,3},{E,75,5,9,"error"},{D,114,55,55},{D,117,61,61},{C,127,1,4},{A,129,19,28,2,B,"rvar.getKey"},{A,159,8,43,28,B,"generateAssignmentBytecode"},{G,164,9,9,H},{E,164,19,24,F},{C,184,1,2},{E,185,17,22,F},{C,191,1,3},{D,280,53,53},{A,287,2,63,12,B,"context.affectation"},{C,298,1,2},{G,300,7,7,H},{E,300,21,26,F},{E,315,4,8,"table",{"insert"}},{A,337,8,35,3,B,"SETLET"},{"612",346,18,18},{A,366,25,38,1,B,"nodeHandlerTable.LET"},{A,371,25,38,1,B,"nodeHandlerTable.SET"}},{},{4,27,0,26,57,2,0,50,0,65,43,45,30,42,17,109,5,20,25,5,19,90,67,27,66,23,67,2,6,78,5,4,57,0,83,45,81,50,27,27,56,55,94,114,12,2,60,33,26,24,47,60,33,28,30,41,27,3,50,39,25,26,40,37,14,33,38,37,38,46,37,38,33,30,94,6,0,33,57,6,0,45,0,51,16,23,64,21,21,25,34,6,20,33,47,9,77,8,7,7,36,20,82,42,67,30,76,7,6,17,25,0,60,55,28,27,61,40,77,51,62,45,25,0,13,31,4,74,28,40,68,63,9,42,8,84,42,30,7,7,35,6,5,0,20,13,4,0,66,42,63,64,47,27,56,71,75,55,43,81,2,37,20,36,60,64,70,7,6,0,9,5,0,27,0,27,44,5,0,22,44,42,5,2,34,31,0,20,66,6,3,75,18,65,65,49,6,0,47,19,22,17,52,8,33,7,43,78,6,0,40,17,24,49,7,94,45,23,73,36,71,50,51,56,8,57,7,0,54,19,24,55,7,84,51,50,6,0,35,30,6,0,32,21,16,55,7,21,99,70,29,69,49,84,25,64,70,8,70,7,6,0,37,18,59,50,49,49,60,6,5,4,0,86,43,69,46,25,53,53,53,62,50,68,56,40,63,20,0,27,26,43,6,26,44,6,5,2,25,51,26,60,24,6,40,15,12,18,20,20,19,22,26,4,30,5,0,33,49,17,19,18,20,25,20,3,0,41,107,37,5,4,0,47,43,64,35,50,50,52,0,17,18,44,6,18,5,0,47,50,0,52,49,0,48,15,19,19,17,21,22,4,4,0,39,38,20,4,0,38,38,21,4,3},{I,I,I,I,I,[10]=I,[11]=I,[35]=I,[36]=I,[37]=I,[38]=I,[39]=I,[40]=I,[41]=I,[42]=I,[43]=I,[47]=I,[48]=I,[49]=I,[50]=I,[51]=I,[52]=I,[59]=I,[74]=I,[84]=I,[113]=I,[114]=I,[115]=I,[116]=I,[117]=I,[119]=I,[128]=I,[134]=I,[136]=I,[137]=I,[149]=I,[150]=I,[151]=I,[152]=I,[153]=I,[154]=I,[155]=I,[156]=I,[157]=I,[158]=I,[180]=I,[192]=I,[199]=I,[211]=I,[219]=I,[229]=I,[243]=I,[263]=I,[274]=I,[275]=I,[276]=I,[277]=I,[278]=I,[279]=I,[280]=I,[281]=I,[282]=I,[283]=I,[284]=I,[285]=I,[286]=I,[299]=I,[318]=I,[328]=I,[334]=I,[335]=I,[336]=I,[365]=I,[370]=I}}
f:\dropbox\proj\code\dev\plume\plume\plume-data\engine\debug\core.lua
1776802496
local A,B,C,D="561","113","require","comment";return {{{A,1,1,1,1,"main_chunk"},{A,8,8,23,1,"function"},{B,11,2,8,C},{B,12,2,8,C}},{},{4,27,0,26,57,2,0,23,17,0,48,48,3},{D,D,D,D,D}}
f:\dropbox\proj\code\dev\plume\plume\plume-data\engine\debug\run.html
1776682379
return {{{"011",1,1,1,"expected statement near '<'"}},{},{},{}}
f:\dropbox\proj\code\dev\plume\plume\plume-data\engine\debug\run.lua
1781445984
local A,B,C,D,E,F,G,H,I,J,K,L,M,N,O,P,Q,R,S,T="561","function","escape","113","table","insert","string","format","concat","ipairs","bit","band","rshift","io","open","111","deepcopy","611","pcall","comment";return {{{A,1,1,1,1,"main_chunk"},{A,8,8,23,1,B},{A,9,8,31,1,B,"getNodeID"},{A,13,2,21,1,B,C},{P,13,11,16,C},{A,21,8,32,5,B,"renderCode"},{D,31,9,14,G,{H}},{D,33,4,8,E,{F}},{D,35,10,14,E,{I}},{A,38,8,31,4,B,"renderAST"},{D,41,3,7,E,{F}},{D,41,24,29,G,{H}},{D,45,3,7,E,{F}},{D,45,24,29,G,{H}},{R,49,1,2},{D,51,4,8,E,{F}},{"213",52,8,8,"_"},{D,52,20,25,J},{D,53,5,9,E,{F}},{D,55,4,8,E,{F}},{D,58,3,7,E,{F}},{D,59,10,14,E,{I}},{A,62,8,49,2,B,"renderBytecode"},{A,63,9,34,5,B,"getNearestNode"},{D,81,19,24,J},{D,82,18,20,K,{L}},{D,82,27,29,K,{M}},{D,83,18,20,K,{L}},{D,83,27,29,K,{M}},{D,84,18,20,K,{L}},{D,86,4,8,E,{F}},{D,86,25,30,G,{H}},{D,90,4,8,E,{F}},{D,90,25,30,G,{H}},{D,91,4,8,E,{F}},{D,91,25,30,G,{H}},{D,92,4,8,E,{F}},{D,92,25,30,G,{H}},{D,93,4,8,E,{F}},{D,93,25,30,G,{H}},{D,94,4,8,E,{F}},{D,96,10,14,E,{I}},{A,99,8,36,12,B,"renderExecution"},{D,101,16,21,J},{D,103,5,9,E,{F}},{D,103,26,31,G,{H}},{D,104,5,9,E,{F}},{D,104,26,31,G,{H}},{D,112,5,9,E,{F}},{D,113,6,10,E,{F}},{D,114,7,11,E,{F}},{D,115,7,11,E,{F}},{D,117,20,25,J},{D,119,10,14,E,{F}},{D,119,31,36,G,{H}},{D,122,8,12,E,{F}},{D,122,29,34,G,{H}},{D,122,82,87,C},{D,124,7,11,E,{F}},{D,125,6,10,E,{F}},{D,126,6,10,E,{F}},{D,127,7,11,E,{F}},{D,128,7,11,E,{F}},{D,130,20,25,J},{D,132,10,14,E,{F}},{D,132,31,36,G,{H}},{D,135,8,12,E,{F}},{D,135,29,34,G,{H}},{D,137,9,14,C},{D,140,7,11,E,{F}},{D,141,6,10,E,{F}},{D,142,5,9,E,{F}},{D,146,5,9,E,{F}},{D,146,26,31,G,{H}},{D,149,4,8,E,{F}},{D,151,10,14,E,{I}},{A,154,8,30,1,B,"makeBody"},{D,155,10,15,G,{H}},{A,168,8,36,1,B,"saveHTML"},{D,170,17,18,N,{O}},{D,171,17,18,N,{O}},{A,177,2,30,5,B,Q},{P,177,11,18,Q},{R,179,1,2},{D,180,6,9,"type"},{R,183,1,2},{R,186,1,2},{D,187,21,25,"pairs"},{D,188,16,23,Q},{R,190,1,2},{A,194,8,25,1,B,"hook"},{A,195,10,21,1,B},{D,196,4,8,E,{F}},{D,196,22,29,Q},{A,200,20,43,4,B,"plume.debug.run"},{D,204,15,16,N,{O}},{D,208,21,25,S},{R,209,1,2},{D,215,22,26,S}},{},{4,27,0,26,57,2,0,23,31,51,4,0,21,31,24,24,26,25,4,0,32,19,35,20,14,23,43,24,41,7,43,6,26,5,29,4,0,31,19,29,37,71,28,4,37,47,23,4,2,46,58,43,42,6,33,5,0,32,29,4,0,49,34,20,22,33,7,6,24,22,33,7,6,11,5,0,48,0,19,0,37,75,79,49,0,38,67,25,4,84,91,85,85,33,5,29,4,0,36,19,29,27,101,68,57,59,59,59,60,39,0,48,53,71,57,38,49,29,83,11,10,118,9,36,35,53,75,57,42,53,29,83,11,10,42,46,47,9,9,36,35,34,6,0,19,102,6,0,33,5,29,4,0,30,25,46,45,50,51,5,24,23,47,28,3,4,0,36,48,28,34,65,14,15,4,0,30,19,2,45,14,5,2,17,19,2,34,36,5,2,13,4,0,25,21,34,5,4,0,43,17,0,23,39,0,27,0,64,2,17,20,38,58,0,87,0,18,36,35,17,31,27,51,0,23,37,67,7,7,74,22,47,6,6,73,21,46,5,0,33,4,3},{T,T,T,T,T,[104]=G,[105]=G,[106]=G,[107]=G,[108]=G,[109]=G,[155]=G,[156]=G,[157]=G,[158]=G,[159]=G}}
f:\dropbox\proj\code\dev\plume\plume\plume-data\engine\debug\utils.lua
1781436746
local A,B,C,D,E,F,G,H="561","function","113","bit","lshift","band","rshift","comment";return {{{A,1,1,1,1,"main_chunk"},{A,8,8,23,1,B},{A,9,8,42,11,B,"escapeString"},{C,11,6,9,"type"},{C,21,7,14,"tostring"},{A,35,2,33,2,B,"plume.debug.invTable"},{C,37,15,19,"pairs"},{A,43,8,46,2,B,"getConstantInfos"},{C,58,20,22,D,{E}},{C,59,20,22,D,{E}},{C,60,20,22,D,{E}},{A,61,8,45,3,B,"getInstrInfos"},{C,62,16,18,D,{F}},{C,62,25,27,D,{G}},{C,63,16,18,D,{F}},{C,63,25,27,D,{G}},{C,64,16,18,D,{F}},{A,95,2,43,5,B,"plume.debug.bytecodeGrid"},{C,97,20,25,"ipairs"},{C,99,16,21,"string",{"format"}},{"611",109,1,3},{C,110,4,8,"table",{"insert"}}},{},{4,27,0,26,57,2,0,23,42,0,28,31,15,32,45,38,51,6,5,0,17,43,0,35,43,5,0,26,21,5,0,10,4,0,33,19,25,16,5,15,4,0,46,36,17,9,5,37,0,22,4,0,20,20,21,29,41,45,47,47,45,61,65,41,0,46,0,60,18,13,46,0,39,27,15,39,28,36,25,25,18,71,33,5,0,10,11,15,15,15,16,3,4,0,43,19,46,46,43,0,35,21,29,49,31,48,7,6,3,75,5,15,4,3},{H,H,H,H,H,[66]=H,[75]=H,[76]=H,[77]=H,[78]=H,[79]=H,[80]=H,[81]=H,[82]=H,[83]=H}}
f:\dropbox\proj\code\dev\plume\plume\plume-data\engine\error\callstack.lua
1781445878
local A,B,C,D,E,F,G="561","function","113","table","insert","611","comment";return {{{A,1,1,1,1,"main_chunk"},{A,8,8,22,1,B},{A,9,8,54,17,B,"simplifyErrorCallstack"},{C,32,7,11,D,{E}},{C,35,7,11,D,{E}},{F,38,1,5},{C,40,7,11,D,{E}},{C,45,7,11,D,{E}},{C,47,7,11,D,{E}},{C,51,7,11,D,{E}},{A,66,8,41,5,B,"getValidator"},{F,71,1,2},{"213",72,7,7,"_"},{C,72,18,23,"ipairs"},{A,82,8,44,3,B,"handleValidator"},{C,85,20,25,"string",{"format"}},{C,87,5,9,D,{"remove"}},{A,92,2,64,11,B,"plume.error.getRuntimeErrorInfos"},{C,103,5,9,D,{E}},{"612",104,8,8},{F,120,1,2},{C,129,6,10,D,{E}}},{},{4,27,0,26,57,2,0,22,54,22,25,63,20,41,54,27,27,120,24,12,9,8,26,11,8,49,7,0,29,33,20,56,8,25,73,8,0,5,31,56,8,0,0,25,62,9,63,8,0,63,56,8,39,10,7,6,0,29,31,21,6,5,23,4,0,41,52,19,25,5,2,48,20,53,21,28,7,6,5,4,0,44,53,19,96,59,41,6,5,4,0,64,13,0,47,0,14,59,0,31,32,53,75,8,13,29,21,23,5,33,39,6,6,12,28,20,22,4,5,2,27,37,39,21,83,58,7,23,41,23,62,7,7,6,5,0,69,0,14,31,5,0,14,4,3},{G,G,G,G,G,[86]=G}}
f:\dropbox\proj\code\dev\plume\plume\plume-data\engine\error\core.lua
1778761541
local A,B,C,D,E,F,G="561","113","require","function","debug","611","comment";return {{{A,1,1,1,1,"main_chunk"},{A,8,8,22,1,D},{B,11,2,8,C},{B,12,2,8,C},{B,13,2,8,C},{B,14,2,8,C},{B,15,2,8,C},{"612",15,57,57},{B,16,2,8,C},{B,17,2,8,C},{A,19,2,60,1,D,"plume.error.makeRuntimeError"},{A,25,2,57,3,D,"plume.error.makeCompilationError"},{B,30,4,8,"table",{"insert"}},{F,35,1,2},{A,39,2,52,1,D,"plume.error.makeSyntaxError"},{A,45,2,60,1,D,"plume.error.makeStrictWarningError"},{A,51,2,36,1,D,"plume.error.showWarnings"},{B,52,3,7,"print"},{A,55,2,41,7,D,"plume.error.vmCrashHandler"},{B,59,22,26,E,{"traceback"}},{B,66,26,30,E,{"getinfo"}},{B,70,37,41,E,{"getlocal"}},{F,72,1,4},{A,90,2,56,2,D,"plume.safeRun"},{B,91,42,47,"xpcall"},{F,92,1,2},{F,98,1,2}},{},{4,27,0,26,57,2,0,22,17,0,56,56,56,56,57,56,56,0,60,75,35,44,4,0,57,18,30,36,62,55,6,79,36,5,2,44,4,0,52,79,35,44,4,0,60,87,35,44,4,0,36,36,4,0,41,100,0,49,43,0,10,35,17,13,26,52,38,24,25,60,42,4,24,16,21,7,0,36,32,30,25,19,25,15,29,11,25,4,0,56,108,2,23,23,18,18,5,2,28,4,3},{G,G,G,G,G,[62]=G}}
f:\dropbox\proj\code\dev\plume\plume\plume-data\engine\error\distance.lua
1781426928
local A,B,C,D,E,F,G,H,I,J,K,L,M,N="561","function","611","113","math","min","table","insert","concat","213","_","ipairs","huge","comment";return {{{A,1,1,1,1,"main_chunk"},{A,16,8,22,1,B},{A,17,8,40,13,B,"damerauLevenshtein"},{C,21,1,4},{C,24,1,4},{D,29,15,18,E,{F}},{"612",31,20,23},{D,35,16,19,E,{F}},{A,43,8,28,2,B,"toChars"},{A,49,8,34,2,B,"tokenizeSnake"},{D,52,4,8,G,{H}},{A,57,8,34,5,B,"tokenizeCamel"},{C,60,1,4},{C,64,1,5},{D,66,5,9,G,{H}},{D,66,26,30,G,{I}},{D,69,4,8,G,{H}},{C,71,1,4},{D,73,4,8,G,{H}},{D,73,25,29,G,{I}},{A,78,8,68,7,B,"haveCommonSignificantToken"},{J,81,7,7,K},{D,81,19,24,L},{J,86,7,7,K},{D,86,19,24,L},{A,94,8,38,11,B,"semanticDistance"},{D,96,11,14,E,{M}},{C,100,1,2},{D,101,18,21,E,{M}},{C,108,1,2},{D,109,18,21,E,{M}},{C,116,1,2},{D,117,10,13,E,{F}},{A,120,2,81,5,B,"plume.error.suggestIdentifiers"},{C,122,1,4},{J,123,7,7,K},{D,123,23,28,L},{D,126,5,9,G,{H}},{C,132,1,4},{D,133,3,7,G,{"sort"}},{A,133,23,36,2,B},{C,140,1,4},{D,142,15,20,L}},{},{33,0,65,71,58,0,60,65,55,55,0,87,47,5,0,22,40,21,29,29,4,27,33,4,17,14,18,42,23,17,23,21,5,65,57,7,6,26,5,16,4,0,28,14,44,10,4,0,34,19,37,38,5,15,4,0,34,19,20,4,20,25,42,5,35,55,16,6,27,5,4,22,54,5,15,4,0,68,22,24,36,27,29,6,5,36,50,15,6,5,14,4,0,38,49,19,5,0,58,2,26,59,39,56,47,6,5,2,26,59,39,56,47,6,5,2,40,4,0,81,20,4,43,50,28,27,22,21,6,6,5,4,36,35,34,7,26,6,6,4,19,32,21,25,9,6,5,15,4,3,0,0},{N,[3]=N,[4]=N,[5]=N,[7]=N,[8]=N,[9]=N,[10]=N,[12]=N,[13]=N,[14]=N}}
f:\dropbox\proj\code\dev\plume\plume\plume-data\engine\error\format.lua
1781436719
local A,B,C,D,E,F,G,H,I,J,K,L,M,N,O,P="561","function","113","611","213","_","ipairs","table","insert","423","tostring","string","format","612","concat","comment";return {{{A,1,1,1,1,"main_chunk"},{A,8,8,22,1,B},{A,9,2,45,70,B,"plume.error.formatError"},{A,17,9,25,2,B,"focus"},{A,24,9,27,2,B,"neutral"},{A,31,9,29,2,B,"secondary"},{A,38,9,29,2,B,"focusless"},{A,46,9,41,3,B,"formatText"},{A,117,9,27,4,B,"utf8len"},{A,127,9,31,16,B,"makeLine"},{A,133,42,65,1,B},{N,142,66,66},{C,182,4,8,H,{I}},{A,195,9,37,4,B,"makeSourceLine"},{C,199,40,47,K},{A,218,9,60,15,B,"makeSourceSnippet"},{E,247,8,8,F},{C,247,21,26,G},{D,273,1,4},{D,286,1,2},{E,292,7,7,F},{C,292,19,24,G},{C,293,4,8,H,{I}},{E,295,7,7,F},{C,295,19,24,G},{C,297,5,9,H,{I}},{C,299,5,9,H,{I}},{E,302,7,7,F},{C,302,19,24,G},{E,304,8,8,F},{J,304,8,8,F,302,7,7},{C,304,19,24,G},{C,305,5,9,H,{I}},{C,308,4,8,H,{I}},{E,313,7,7,F},{C,313,19,24,G},{C,314,4,8,H,{I}},{E,316,7,7,F},{C,316,19,24,G},{C,317,4,8,H,{I}},{E,319,7,7,F},{C,319,26,31,G},{E,320,8,8,F},{J,320,8,8,F,319,7,7},{C,320,19,24,G},{C,321,5,9,H,{I}},{E,326,7,7,F},{C,326,18,23,G},{E,327,8,8,F},{J,327,8,8,F,326,7,7},{C,327,19,24,G},{C,328,21,24,"math",{"max"}},{C,332,24,31,K},{C,341,5,9,H,{I}},{D,352,1,3},{C,354,5,9,H,{I}},{C,367,20,25,G},{C,380,5,9,H,{I}},{D,384,1,3},{C,386,5,9,H,{I}},{C,389,20,25,G},{C,398,7,12,L,{M}},{C,405,7,12,L,{M}},{D,413,1,5},{D,415,1,5},{D,423,1,2},{C,427,6,10,H,{I}},{C,429,6,10,H,{I}},{C,434,5,10,L,{M}},{N,438,7,7},{N,442,94,94},{C,447,5,9,H,{I}},{C,450,27,32,G},{C,452,6,11,L,{M}},{C,457,7,11,H,{O}},{C,470,21,26,G},{C,476,16,21,L,{M}},{C,490,4,8,H,{I}},{C,493,10,14,H,{O}}},{},{4,27,0,26,57,2,0,22,45,58,9,5,0,70,80,0,25,20,39,7,12,6,5,27,20,53,7,12,6,5,29,20,39,7,12,6,5,29,20,43,7,12,6,5,0,41,18,20,41,6,20,20,109,117,16,7,12,6,5,0,19,29,0,17,17,17,22,23,23,23,23,22,22,0,23,23,0,25,0,28,28,0,34,34,34,0,64,0,30,0,20,17,0,17,17,17,17,17,17,0,17,17,0,19,0,21,21,0,29,29,29,5,0,13,13,13,27,19,33,22,29,57,9,16,5,0,31,51,43,52,36,38,65,0,17,30,43,45,79,62,10,66,16,28,88,9,67,8,38,18,41,62,12,9,20,8,0,48,25,8,0,53,53,7,6,0,32,0,36,46,25,25,0,22,32,7,7,24,55,6,0,23,21,30,23,29,24,4,0,19,64,6,5,0,37,26,26,36,55,0,25,23,6,0,79,0,21,18,6,0,12,25,38,13,4,5,20,60,23,0,33,42,15,23,56,9,44,8,0,88,34,8,15,23,55,9,43,8,74,7,6,0,22,86,6,0,52,36,19,40,26,0,23,37,34,8,0,96,40,50,42,46,8,0,22,59,77,0,99,34,8,7,4,58,48,22,50,8,7,6,5,0,19,19,19,2,79,19,31,89,5,95,89,5,60,21,97,7,45,6,5,48,85,40,83,61,6,50,5,0,41,37,49,31,5,47,31,5,55,41,31,6,5,0,25,35,55,49,6,5,0,46,0,17,17,17,0,11,27,25,84,6,0,44,102,7,74,30,101,7,6,3,25,81,6,5,0,16,27,42,74,42,5,0,12,33,48,30,64,36,45,8,7,6,5,0,14,35,25,82,6,0,51,3,25,82,6,0,50,30,29,0,38,45,8,40,14,84,35,6,52,30,52,14,83,35,6,52,38,45,8,38,5,52,5,38,69,45,8,7,6,5,2,39,25,29,82,8,85,7,6,0,12,18,33,31,46,7,24,4,12,94,25,21,4,25,81,6,0,56,13,112,8,20,36,43,45,7,25,5,106,29,14,72,32,23,6,7,43,43,38,0,44,0,35,93,45,11,8,7,0,34,44,7,6,5,0,15,24,82,5,0,35,4,3},{P,P,P,P,P,[64]=P,[65]=P,[66]=P,[114]=P,[115]=P,[116]=P,[149]=P,[158]=P,[283]=P,[284]=P,[285]=P,[288]=P,[311]=P,[334]=P,[335]=P,[336]=P,[338]=P,[358]=P,[365]=P,[377]=P,[488]=P}}
f:\dropbox\proj\code\dev\plume\plume\plume-data\engine\error\navigation.lua
1778514308
local A,B,C,D="561","function","113","comment";return {{{A,1,1,1,1,"main_chunk"},{A,7,8,22,1,B},{A,8,2,42,7,B,"plume.error.getNode"},{A,24,2,46,5,B,"plume.error.getMacroSignature"},{C,32,13,18,"string",{"format"}},{A,38,2,48,3,B,"plume.error.findNodeParentMacro"},{A,46,2,46,2,B,"plume.error.addContext"},{C,48,3,7,"table",{"insert"}}},{},{4,27,0,26,57,2,22,42,12,20,28,29,15,6,5,34,28,29,15,6,5,4,0,46,20,59,20,72,46,40,8,50,7,6,5,4,0,48,30,14,25,54,5,4,0,46,47,41,4,3},{D,D,D,D,D}}
f:\dropbox\proj\code\dev\plume\plume\plume-data\engine\error\source.lua
1781435424
local A,B,C,D,E,F,G,H,I,J="561","function","113","table","213","_","ipairs","math","min","comment";return {{{A,1,1,1,1,"main_chunk"},{A,8,8,22,1,B},{A,9,2,40,7,B,"plume.error.getNodeLines"},{C,24,17,20,H,{I}},{A,41,2,74,16,B,"plume.error.getNodeLinesContext"},{A,44,9,27,2,B,"addLine"},{C,46,5,9,D,{"insert"}},{A,50,9,30,2,B,"removeLine"},{C,52,5,9,D,{"remove"}},{"611",58,1,2},{E,85,7,7,F},{C,85,19,24,G},{C,92,3,7,D,{"sort"}},{E,96,7,7,F},{C,96,20,25,G},{C,97,17,20,H,{I}},{E,99,7,7,F},{C,99,20,25,G}},{},{4,27,0,26,57,2,0,22,40,29,47,47,35,0,22,18,18,20,26,48,57,25,46,63,6,0,49,34,22,5,0,10,38,30,37,43,55,3,4,0,74,28,33,27,38,36,46,6,5,30,34,58,33,6,5,0,51,2,34,21,47,74,31,6,25,23,6,47,91,31,6,42,23,6,5,0,22,61,22,66,42,6,5,0,52,53,47,39,6,5,0,29,18,24,58,45,77,5,45,81,44,56,6,5,0,10,44,48,43,45,40,30,40,46,3,4,3},{J,J,J,J,J,[27]=J}}
f:\dropbox\proj\code\dev\plume\plume\plume-data\engine\error\utils.lua
1781445844
local A,B,C,D,E,F,G,H,I,J="561","function","113","table","ipairs","insert","string","format","concat","comment";return {{{A,1,1,1,1,"main_chunk"},{A,16,8,22,1,B},{A,17,2,91,7,B,"plume.error.makeVisibleVariablesHint"},{C,19,15,19,"pairs"},{C,21,5,9,D,{F}},{C,30,26,31,E},{C,37,11,16,G,{H}},{C,37,53,57,D,{I}},{A,41,2,55,4,B,"plume.error.makeVisibleKeysHint"},{"213",43,7,7,"_"},{C,43,20,25,E},{C,44,11,18,"tonumber"},{C,45,5,9,D,{F}},{C,53,11,16,G,{H}},{C,53,53,57,D,{I}},{A,57,2,47,4,B,"plume.error.getSourceCode"},{"412",58,9,12,"size",57,43,46}},{},{33,0,65,71,58,0,60,65,55,55,0,87,47,5,0,22,91,27,41,40,35,6,5,0,76,0,23,12,6,43,49,76,7,69,6,0,112,5,4,0,55,17,37,31,30,6,5,65,0,23,12,6,112,5,4,0,47,25,14,87,25,43,6,16,6,19,5,4,3},{J,[3]=J,[4]=J,[5]=J,[7]=J,[8]=J,[9]=J,[10]=J,[12]=J,[13]=J,[14]=J}}
f:\dropbox\proj\code\dev\plume\plume\plume-data\engine\error\messages\core.lua
1776802496
local A,B,C,D,E,F="561","function","113","error","require","comment";return {{{A,1,1,1,1,"main_chunk"},{A,8,8,22,1,B},{A,9,2,58,1,B,"plume.error.throwCompilationError"},{C,11,3,7,D},{A,14,2,53,1,B,"plume.error.throwSyntaxError"},{C,16,3,7,D},{A,19,2,56,1,B,"plume.error.strictWarningError"},{C,21,3,7,D},{C,24,2,8,E},{C,25,2,8,E},{C,26,2,8,E},{C,27,2,8,E},{C,28,2,8,E},{C,29,2,8,E},{C,30,2,8,E},{C,31,2,8,E}},{},{4,27,0,26,57,2,0,22,58,59,20,4,0,53,54,20,4,0,56,61,20,4,0,61,61,61,61,61,61,61,61,3},{F,F,F,F,F}}
f:\dropbox\proj\code\dev\plume\plume\plume-data\engine\error\messages\finalizer.lua
1774704046
local A,B,C,D,E,F="561","function","113","string","format","comment";return {{{A,1,1,1,1,"main_chunk"},{A,16,8,22,1,B},{A,17,2,60,1,B,"plume.error.toManyInstructions"},{C,18,19,24,D,{E}},{A,26,2,72,1,B,"plume.error.instructionFieldOverflow"},{C,27,19,24,D,{E}}},{},{33,0,65,71,58,0,60,65,55,55,0,87,47,5,0,22,60,32,76,115,15,3,50,4,0,72,32,73,87,21,3,50,4,3,0},{F,[3]=F,[4]=F,[5]=F,[7]=F,[8]=F,[9]=F,[10]=F,[12]=F,[13]=F,[14]=F}}
f:\dropbox\proj\code\dev\plume\plume\plume-data\engine\error\messages\import.lua
1781436670
local A,B,C,D,E,F,G,H,I="561","function","113","string","format","table","concat","insert","comment";return {{{A,1,1,1,1,"main_chunk"},{A,8,8,22,1,B},{A,9,2,50,1,B,"plume.error.unknownDirective"},{C,10,19,24,D,{E}},{A,14,2,72,1,B,"plume.error.compilationCannotOpenFile"},{C,15,19,24,D,{E}},{C,15,80,84,F,{G}},{A,19,2,58,1,B,"plume.error.cannotExecuteFile"},{C,20,19,24,D,{E}},{A,24,2,57,1,B,"plume.error.fileMustReturnATable"},{C,25,19,24,D,{E}},{A,29,2,55,1,B,"plume.error.cannotOpenFile"},{C,30,10,15,D,{E}},{C,30,78,82,F,{G}},{A,33,8,84,7,B,"makeDirectiveSignature"},{"213",37,12,12,"_"},{C,37,17,21,"pairs"},{C,38,4,8,F,{H}},{C,40,3,7,F,{"sort"}},{C,41,17,22,"ipairs"},{C,42,4,8,F,{H}},{C,43,4,8,F,{H}},{C,46,7,10,"type"},{C,47,5,9,F,{H}},{C,47,26,30,F,{G}},{C,49,5,9,F,{H}},{C,52,5,9,F,{H}},{C,56,3,7,F,{H}},{C,57,10,14,F,{G}},{A,60,2,81,1,B,"plume.error.wrongDirectiveArgs"},{C,61,19,24,D,{E}},{A,68,2,93,1,B,"plume.error.wrongDirectiveArgsValue"},{C,69,19,24,D,{E}},{A,76,2,51,1,B,"plume.error.cycleWithUse"},{C,77,19,24,D,{E}},{C,77,53,57,F,{G}}},{},{4,27,0,26,57,2,0,22,50,85,50,4,0,72,113,50,4,0,58,78,50,4,0,57,109,50,4,0,55,111,4,0,84,46,17,29,35,26,5,18,31,28,29,0,32,62,51,7,35,6,18,30,6,5,0,27,29,4,0,81,85,26,51,3,50,4,0,93,99,33,60,3,50,4,0,51,84,50,4,3},{I,I,I,I,I}}
f:\dropbox\proj\code\dev\plume\plume\plume-data\engine\error\messages\macros.lua
1781435396
local A,B,C,D,E,F="561","function","113","string","format","comment";return {{{A,1,1,1,1,"main_chunk"},{A,8,8,22,1,B},{A,9,2,62,3,B,"plume.error.cannotAddPositionalAfterNamed"},{C,11,19,24,D,{E}},{A,15,2,65,3,B,"plume.error.cannotAddPositionalAfterVariadic"},{C,17,19,24,D,{E}},{A,21,2,61,3,B,"plume.error.cannotAddPositionalAfterFlag"},{C,23,19,24,D,{E}},{A,27,2,60,3,B,"plume.error.cannotAddNamedAfterVariadic"},{C,29,19,24,D,{E}},{A,33,2,56,3,B,"plume.error.cannotAddNamedAfterFlag"},{C,35,19,24,D,{E}},{A,39,2,59,3,B,"plume.error.cannotAddFlagAfterVariadic"},{C,41,19,24,D,{E}},{A,45,2,53,1,B,"plume.error.cannotUseMultipleVariadic"},{A,50,2,63,1,B,"plume.error.cannotUseMultipleParamName"},{C,51,19,24,D,{E}},{A,55,2,48,1,B,"plume.error.cannotUseSelfAsParam"},{A,60,2,53,1,B,"plume.error.cannotSetFlagDefaultValue"},{A,65,2,57,1,B,"plume.error.cannotSetVariadicDefaultValue"},{A,70,2,72,2,B,"plume.error.wrongArgsCount"},{C,71,19,24,D,{E}},{C,77,14,19,D,{E}},{A,83,2,62,3,B,"plume.error.wrongValidatorArgsCount"},{C,84,19,24,D,{E}},{A,92,2,99,5,B,"plume.error.wrongArgsCountStd"},{C,95,20,25,D,{E}},{C,99,11,16,D,{E}},{C,104,11,16,D,{E}},{A,111,2,90,1,B,"plume.error.wrongArgsCountMetaDefinition"},{C,112,19,24,D,{E}},{A,119,2,58,1,B,"plume.error.metaMacroWithoutNamedParameter"},{C,120,10,15,D,{E}},{A,123,2,60,2,B,"plume.error.unknownParameter"},{C,124,19,24,D,{E}},{C,127,14,19,D,{E}},{A,133,2,78,2,B,"plume.error.unknownParameterStd"},{C,134,19,24,D,{E}},{C,137,14,19,D,{E}},{A,143,2,98,2,B,"plume.error.wrongArgTypeStd"},{C,144,19,24,D,{E}},{C,150,14,19,D,{E}}},{},{4,27,0,26,57,2,0,22,62,48,85,45,4,0,65,48,88,45,4,0,61,48,80,45,4,0,60,48,83,45,4,0,56,48,75,45,4,0,59,48,85,45,4,0,53,59,45,4,0,63,91,45,4,0,48,119,50,4,0,53,51,50,4,0,57,55,50,4,0,72,32,76,42,3,56,19,63,5,0,16,4,0,62,32,97,49,3,0,16,4,0,99,26,19,58,5,0,38,24,79,52,4,6,24,94,84,4,5,4,0,90,32,82,41,3,16,4,0,58,78,4,0,60,106,56,19,63,5,0,16,4,0,78,105,0,19,63,5,0,16,4,0,98,32,71,51,3,0,19,63,5,0,16,4,3},{F,F,F,F,F}}
f:\dropbox\proj\code\dev\plume\plume\plume-data\engine\error\messages\others.lua
1781445812
local A,B,C,D,E,F,G,H="561","function","113","math","tonumber","string","format","comment";return {{{A,1,1,1,1,"main_chunk"},{A,8,8,22,1,B},{A,9,2,37,1,B,"plume.error.stackOverflow"},{A,13,2,43,1,B,"plume.error.cannotUseEmptyAsKey"},{A,17,2,44,1,B,"plume.error.getindexReturnsEmpty"},{A,21,2,45,9,B,"plume.error.unregisteredKey"},{C,22,17,24,E},{C,23,16,19,D,{"floor"}},{"213",25,8,8,"_"},{C,25,22,27,"ipairs"},{C,26,20,23,D,{"max"}},{C,26,43,50,E},{C,39,13,18,F,{G}},{C,45,11,16,F,{G}},{C,48,11,16,F,{G}},{A,52,2,40,1,B,"plume.error.cannotUseMetaKey"},{A,56,2,43,2,B,"plume.error.wrongContextType"},{C,57,13,16,"type"},{C,62,10,15,F,{G}}},{},{4,27,0,26,57,2,0,22,37,25,4,0,43,35,4,0,44,46,4,0,45,29,46,25,38,65,6,0,21,27,26,16,7,6,0,18,27,20,81,7,7,63,6,0,62,6,60,63,5,4,0,40,60,4,0,43,21,22,15,5,0,102,4,3},{H,H,H,H,H}}
f:\dropbox\proj\code\dev\plume\plume\plume-data\engine\error\messages\std.lua
1781427770
local A,B,C="561","function","comment";return {{{A,1,1,1,1,"main_chunk"},{A,8,8,22,1,B},{A,9,2,37,1,B,"plume.error.joinErrorHint"},{A,14,2,50,1,B,"plume.error.cannotRemoveNotfoundKey"},{"113",15,10,15,"string",{"format"}}},{},{4,27,0,26,57,2,0,22,37,66,69,4,0,50,91,4,3},{C,C,C,C,C}}
f:\dropbox\proj\code\dev\plume\plume\plume-data\engine\error\messages\syntax.lua
1781427756
local A,B,C,D,E,F="561","function","113","string","format","comment";return {{{A,1,1,1,1,"main_chunk"},{A,8,8,22,1,B},{A,9,2,53,1,B,"plume.error.cannotUseBreakOutsideLoop"},{A,14,2,56,1,B,"plume.error.cannotUseContinueOutsideLoop"},{A,19,2,43,1,B,"plume.error.missingIterator"},{"612",21,19,19},{A,26,2,51,1,B,"plume.error.missingIteratorVariable"},{A,32,2,44,1,B,"plume.error.missingCondition"},{A,38,2,38,1,B,"plume.error.missingEnd"},{A,43,2,40,1,B,"plume.error.missingValue"},{A,48,2,37,1,B,"plume.error.emptyExpr"},{A,54,2,37,1,B,"plume.error.evalAlone"},{A,61,2,49,1,B,"plume.error.missingClosingBracket"},{A,67,2,56,1,B,"plume.error.missingClosingBracketArgList"},{A,73,2,49,1,B,"plume.error.missingLoopIdentifier"},{A,78,2,40,2,B,"plume.error.missingParam"},{A,86,2,36,1,B,"plume.error.emptySet"},{A,91,2,39,1,B,"plume.error.letCompound"},{A,96,2,41,1,B,"plume.error.malformedCode"},{A,101,2,60,1,B,"plume.error.cannotUseDefaultValueWithoutFrom"},{A,106,2,41,1,B,"plume.error.cannotSetCall"},{A,111,2,51,1,B,"plume.error.letExistingSelfVariable"},{A,117,2,50,1,B,"plume.error.cannotUseParamAndConst"},{A,122,2,49,1,B,"plume.error.wrongIdentifier"},{C,123,19,24,D,{E}},{A,127,2,65,2,B,"plume.error.mixedBlock"},{C,131,19,24,D,{E}},{"611",132,1,2},{C,133,21,26,D,{E}},{C,136,25,30,D,{E}},{A,143,2,75,5,B,"plume.error.mixedBlockInsideIf"},{C,156,19,24,D,{E}},{A,165,2,97,2,B,"plume.error.useDoesNotAcceptDynamicArgs"},{C,168,14,19,D,{E}},{A,178,2,58,1,B,"plume.error.useDoesNotAcceptPositionalArgs"},{A,183,2,52,1,B,"plume.error.unknownEscapeSequence"},{C,184,19,24,D,{E}},{A,188,2,50,1,B,"plume.error.inlineTableMuseBeAlone"},{A,193,2,48,1,B,"plume.error.withTableMuseBeAlone"},{A,198,2,40,1,B,"plume.error.cannotUseRef"}},{},{4,27,0,26,57,2,0,22,53,60,50,4,0,56,63,50,4,0,43,41,19,65,45,4,0,51,41,56,45,4,0,44,38,18,45,4,0,38,32,45,4,0,40,33,45,4,0,37,47,30,45,4,0,37,94,63,30,45,4,0,49,52,18,45,4,0,56,56,18,45,4,0,49,44,45,4,0,40,43,34,31,5,45,4,0,36,56,45,4,0,39,57,45,4,0,41,35,45,4,0,60,75,50,4,0,41,52,50,4,0,51,92,71,50,4,0,50,106,50,4,0,49,74,45,4,0,65,29,20,5,89,2,103,0,35,82,0,40,0,45,4,0,75,29,20,5,35,21,5,26,17,5,32,18,5,32,44,100,65,55,3,45,4,0,97,101,18,27,64,44,19,32,61,4,5,45,4,58,63,45,4,0,52,69,45,4,0,50,75,45,4,0,48,99,45,4,0,40,78,45,4,3},{F,F,F,F,F,[22]=F,[28]=F}}
f:\dropbox\proj\code\dev\plume\plume\plume-data\engine\error\messages\types.lua
1776802496
local A,B,C,D,E,F="561","function","113","string","format","comment";return {{{A,1,1,1,1,"main_chunk"},{A,8,8,22,1,B},{A,9,2,42,1,B,"plume.error.cannotConcatValue"},{C,10,10,15,D,{E}},{A,13,2,40,1,B,"plume.error.cannotCallValue"},{C,14,10,15,D,{E}},{A,17,2,43,1,B,"plume.error.cannotIterateValue"},{C,18,10,15,D,{E}},{A,21,2,41,1,B,"plume.error.cannotIndexValue"},{C,22,10,15,D,{E}},{A,25,2,42,1,B,"plume.error.cannotExpandValue"},{C,26,10,15,D,{E}},{A,29,2,34,1,B,"plume.error.hasNoLen"},{C,30,10,15,D,{E}},{A,33,2,46,1,B,"plume.error.cannotConvertToString"},{C,34,10,15,D,{E}},{A,37,2,51,1,B,"plume.error.cannotDoArithmeticWith"},{C,38,10,15,D,{E}}},{},{4,27,0,26,57,2,0,22,42,56,4,0,40,54,4,0,43,72,4,0,41,65,4,0,42,66,4,0,34,51,4,0,46,90,4,0,51,84,4,3},{F,F,F,F,F}}
f:\dropbox\proj\code\dev\plume\plume\plume-data\engine\error\messages\variables.lua
1781435344
local A,B,C,D,E,F="561","function","113","string","format","comment";return {{{A,1,1,1,1,"main_chunk"},{A,8,8,22,1,B},{A,9,2,51,1,B,"plume.error.compoundWithDestruction"},{A,14,2,87,2,B,"plume.error.useUnknownVariable"},{C,21,19,24,D,{E}},{A,28,2,74,1,B,"plume.error.setUnknownVariable"},{C,30,19,24,D,{E}},{A,37,2,80,2,B,"plume.error.setConstantVariable"},{C,39,13,18,D,{E}},{C,43,19,24,D,{E}},{A,48,2,49,1,B,"plume.error.cannotMixContextConst"},{A,53,2,49,1,B,"plume.error.cannotMixContextParam"},{A,58,2,62,1,B,"plume.error.setContextVariable"},{C,60,19,24,D,{E}},{A,67,2,44,1,B,"plume.error.letEmptyConstant"},{C,68,19,24,D,{E}},{A,72,2,80,2,B,"plume.error.letExistingVariable"},{C,74,13,18,D,{E}},{C,78,19,24,D,{E}},{A,86,2,61,1,B,"plume.error.useExistingVariable"},{C,87,19,24,D,{E}},{A,94,2,72,1,B,"plume.error.cannotSetRef"},{C,96,19,24,D,{E}}},{},{4,27,0,26,57,2,0,22,51,86,50,4,0,87,107,26,21,72,5,0,32,74,47,3,50,4,0,74,108,32,72,32,3,50,4,0,80,16,58,6,14,5,97,46,50,4,0,49,61,50,4,0,49,61,50,4,0,62,42,32,84,26,3,50,4,0,44,76,50,4,0,80,16,58,6,14,5,32,76,18,3,46,50,4,0,61,32,93,15,3,50,4,0,72,42,32,74,26,3,0,46,50,4,3},{F,F,F,F,F}}
f:\dropbox\proj\code\dev\plume\plume\plume-data\engine\std\common.lua
1781426994
local A,B,C,D,E,F,G,H,I="561","112","plume","stdio","function","113","io","open","comment";return {{{A,1,1,1,1,"main_chunk"},{B,8,1,5,C,{D}},{A,9,1,49,4,E,"plume.stdio.write"},{B,9,10,14,C,{D,"write"}},{F,11,15,16,G,{H}},{A,20,1,31,2,E,"plume.stdio.read"},{B,20,10,14,C,{D,"read"}},{F,21,15,16,G,{H}}},{},{4,27,0,26,57,2,0,16,49,35,33,18,54,5,21,13,12,3,0,31,27,18,53,5,33,13,21,3},{I,I,I,I,I}}
f:\dropbox\proj\code\dev\plume\plume\plume-data\engine\std\lua.lua
1781437131
local A,B,C,D,E,F,G,H,I,J,K,L,M,N,O,P,Q,R,S,T,U,V,W,X,Y,Z,a,b,c,d,e,f,g,h,i,j="plume","561","113","print","table","112","std","obj","luaMacro","function","macro","212","args","write","stdio","read","filename","insert","key","repr","min","unpack","math","max","List","ipairs","213","_","t","keys","Map","meta","quickTable","tonumber","lua","comment";return {{{B,1,1,1,1,"main_chunk"},{"611",7,1,1},{F,8,1,5,A,{G,D}},{C,8,19,23,A,{H,I}},{B,8,47,60,2,J},{a,10,6,6,b},{C,10,14,19,Z},{C,11,3,7,E,{R}},{C,11,24,28,A,{T}},{C,13,2,6,D},{C,13,8,12,E,{V}},{F,17,1,5,A,{G,"help"}},{C,17,18,22,A,{H,I}},{B,17,45,59,4,J},{L,17,55,58,M},{C,19,15,19,K,{"debugMacroName"}},{C,19,39,43,K,{"name"}},{C,20,14,18,K,{"doc"}},{C,21,2,6,D},{F,26,1,5,A,{G,N}},{C,26,19,23,A,{H,I}},{B,26,47,60,1,J},{L,26,56,59,M},{C,28,9,13,A,{O,N}},{C,28,27,34,Q},{C,28,37,43,"content"},{C,28,46,51,"append"},{F,31,1,5,A,{G,P}},{C,31,18,22,A,{H,I}},{B,31,45,58,1,J},{L,31,54,57,M},{C,33,9,13,A,{O,P}},{C,33,26,33,Q},{F,36,1,5,A,{G,"rawset"}},{C,36,20,24,A,{H,I}},{B,36,49,62,2,J},{L,36,58,61,M},{C,39,9,11,H,{E,true}},{C,39,19,21,S},{C,40,3,7,E,{R}},{C,40,16,18,H,{d}},{C,40,26,28,S},{F,42,2,4,H,{E,true}},{C,42,12,14,S},{C,42,19,23,"value"},{F,46,1,5,A,{G,T}},{C,46,18,22,A,{H,I}},{B,46,45,58,1,J},{L,46,54,57,M},{C,48,15,19,A,{T}},{C,48,26,28,H},{C,48,36,41,"pretty"},{F,51,1,5,A,{G,U}},{C,51,17,21,A,{H,I}},{B,51,43,56,1,J},{C,53,15,18,W,{U}},{C,53,24,29,V},{F,55,1,5,A,{G,X}},{C,55,17,21,A,{H,I}},{B,55,43,56,1,J},{C,57,15,18,W,{X}},{C,57,24,29,V},{F,60,1,5,A,{G,Y}},{C,60,18,22,A,{H,E}},{F,61,1,5,A,{G,Y,f}},{C,61,23,27,A,{H,g}},{C,62,9,13,A,{H,I}},{B,62,37,50,2,J},{L,62,46,49,M},{C,64,18,22,A,{H,E}},{C,65,15,20,Z},{C,65,22,22,c,{E}},{C,66,4,8,E,{R}},{C,67,4,8,E,{R}},{C,71,13,17,A,{H,I}},{B,71,45,58,3,J},{a,73,7,7,b},{C,73,15,20,Z},{C,73,22,22,c,{d}},{C,74,11,18,h},{C,75,19,24,"string",{"format"}},{F,83,1,5,A,{G,e}},{C,83,17,21,A,{H,E}},{F,84,1,5,A,{G,e,f}},{C,84,22,26,A,{H,g}},{C,85,9,13,A,{H,I}},{B,85,37,50,3,J},{L,85,46,49,M},{C,87,18,22,A,{H,E}},{a,88,7,7,b},{C,88,15,20,Z},{C,88,22,22,c,{d}},{C,89,11,18,h},{C,90,5,9,E,{R}},{C,91,23,23,c,{E,true}},{C,96,13,17,A,{H,I}},{B,96,45,58,3,J},{a,98,7,7,b},{C,98,15,20,Z},{C,98,22,22,c,{d}},{C,99,7,14,h},{F,108,1,5,A,{G,i}},{C,108,17,21,A,{H,E}},{F,110,1,5,A,{G,i,E,"require"}},{C,110,32,36,A,{H,I}},{B,110,62,92,2,J},{C,114,32,36,A,{"getFilenameFromPath"}},{C,116,16,21,"dofile"},{C,116,33,37,A},{"612",116,39,39},{C,118,84,88,E,{"concat"}},{F,123,1,5,A,{G,"attempt"}},{C,123,21,25,A,{H,E}},{F,125,1,5,A,{G,"Context"}},{C,125,21,25,A,{H,I}},{B,125,51,64,1,J},{C,126,15,19,A,{H,"context"}}},{},{4,27,0,26,57,2,1,60,18,34,61,4,28,12,4,0,59,25,48,28,70,12,4,0,5,60,54,52,4,0,58,29,34,4,0,62,46,0,27,29,4,23,12,4,0,58,30,42,4,0,56,31,42,4,56,31,42,4,0,38,43,50,33,38,32,31,32,5,21,6,58,33,31,26,113,6,5,0,19,5,1,0,37,42,50,32,38,31,26,32,32,6,5,21,6,58,32,31,22,93,6,5,0,19,5,1,0,37,0,92,44,49,0,115,17,39,5,116,19,4,4,0,41,0,64,46,4},{j,j,j,j,j,[18]=j,[25]=j,[27]=j,[32]=j,[37]=j,[47]=j,[52]=j,[56]=j,[63]=j,[72]=j,[86]=j,[97]=j}}
f:\dropbox\proj\code\dev\plume\plume\plume-data\engine\std\math.lua
1781427002
local A,B,C,D,E,F,G,H,I,J,K="plume","113","obj","561","luaMacro","function","212","args","math","x","comment";return {{{D,1,1,1,1,"main_chunk"},{"112",8,1,5,A,{"std","Math"}},{B,8,18,22,A,{C,"quickTable"}},{B,9,8,12,A,{C,E}},{D,9,34,48,1,F},{G,9,44,47,H},{B,11,16,19,I,{"sin"}},{B,11,25,25,J},{B,13,8,12,A,{C,E}},{D,13,34,48,1,F},{G,13,44,47,H},{B,15,16,19,I,{"cos"}},{B,15,25,25,J},{B,17,8,12,A,{C,E}},{D,17,34,48,1,F},{G,17,44,47,H},{B,19,16,19,I,{"tan"}},{B,19,25,25,J},{B,21,10,14,A,{C,E}},{D,21,37,51,1,F},{G,21,47,50,H},{B,23,16,19,I,{"asin"}},{B,23,26,26,J},{B,25,10,14,A,{C,E}},{D,25,37,51,1,F},{G,25,47,50,H},{B,27,16,19,I,{"acos"}},{B,27,26,26,J},{B,29,10,14,A,{C,E}},{D,29,37,51,1,F},{G,29,47,50,H},{B,31,16,19,I,{"atan"}},{B,31,26,26,J},{B,33,11,15,A,{C,E}},{D,33,39,53,1,F},{G,33,49,52,H},{B,35,16,19,I,{"atan2"}},{B,35,27,27,J},{B,35,30,30,"y"},{B,37,10,14,A,{C,E}},{D,37,37,51,1,F},{G,37,47,50,H},{B,39,16,19,I,{"sinh"}},{B,39,26,26,J},{B,41,10,14,A,{C,E}},{D,41,37,51,1,F},{G,41,47,50,H},{B,43,16,19,I,{"cosh"}},{B,43,26,26,J},{B,45,10,14,A,{C,E}},{D,45,37,51,1,F},{G,45,47,50,H},{B,47,16,19,I,{"tanh"}},{B,47,26,26,J},{B,49,9,13,A,{C,E}},{D,49,35,49,1,F},{G,49,45,48,H},{B,51,16,19,I,{"log"}},{B,51,25,25,J},{B,53,11,15,A,{C,E}},{D,53,39,53,1,F},{G,53,49,52,H},{B,55,16,19,I,{"log10"}},{B,55,27,27,J},{B,57,9,12,I,{"pi"}},{B,58,9,12,I,{"exp"}},{B,59,9,12,I,{"huge"}}},{},{4,27,0,26,57,2,0,38,48,23,26,6,48,23,26,6,48,23,26,6,51,23,27,6,51,23,27,6,51,23,27,6,53,33,31,6,51,23,27,6,51,23,27,6,51,23,27,6,49,23,26,6,53,23,28,6,16,20,17,1},{K,K,K,K,K,[10]=K,[14]=K,[18]=K,[22]=K,[26]=K,[30]=K,[34]=K,[38]=K,[42]=K,[46]=K,[50]=K,[54]=K}}
f:\dropbox\proj\code\dev\plume\plume\plume-data\engine\std\number.lua
1781436379
local A,B,C,D,E,F,G,H,I,J,K,L,M,N,O,P,Q,R,S,T,U,V,W,X,Y,Z,a,b="561","plume","113","obj","empty","213","_","112","function","digit","luaMacro","212","args","math","x","floor","max","min","formatNumber","format","locale","std","Number","quickTable","tonumber","string","type","comment";return {{{A,1,1,1,1,"main_chunk"},{H,8,1,5,B,{S}},{A,8,22,108,20,I,"plume.formatNumber"},{C,9,27,31,B,{D,E}},{C,12,29,33,B,{D,E}},{C,15,29,33,B,{D,E}},{C,19,17,22,Z,{T}},{F,47,8,8,G},{F,60,9,9,G},{H,75,1,5,B,{V,W}},{C,75,20,24,B,{D,X}},{C,77,10,14,B,{D,K}},{A,77,38,52,1,I},{L,77,48,51,M},{C,80,16,19,N,{P}},{C,80,27,27,O},{C,80,32,36,J},{C,80,43,47,J},{C,82,9,13,B,{D,K}},{A,82,36,50,1,I},{L,82,46,49,M},{C,85,16,19,N,{"ceil"}},{C,85,26,26,O},{C,85,31,35,J},{C,85,42,46,J},{C,87,10,14,B,{D,K}},{A,87,38,52,1,I},{L,87,48,51,M},{C,90,16,19,N,{P}},{C,90,27,27,O},{C,90,32,36,J},{C,90,49,53,J},{C,92,8,12,B,{D,K}},{A,92,34,48,1,I},{L,92,44,47,M},{C,95,16,19,N,{"abs"}},{C,95,25,25,O},{C,97,10,14,B,{D,K}},{A,97,38,52,1,I},{L,97,48,51,M},{C,100,16,19,N,{R}},{C,100,25,27,Q},{C,100,30,33,N,{Q}},{C,100,39,41,R},{C,100,44,44,O},{C,102,11,15,B,{D,K}},{A,102,40,54,1,I},{L,102,50,53,M},{C,105,10,14,B,{S}},{C,106,4,4,O},{C,106,7,12,T},{C,106,15,20,U},{C,106,23,40,"thousandsSeparator"},{C,106,43,58,"decimalSeparator"},{C,106,61,80,"thousandthsSeparator"},{C,109,13,17,B,{D,K}},{A,109,42,56,1,I},{L,109,52,55,M},{C,112,10,14,B,{S}},{C,112,29,29,O},{C,112,38,43,U},{C,116,9,13,B,{D,K}},{A,116,36,50,3,I},{L,116,46,49,M},{C,119,6,6,O},{C,121,10,10,O},{H,129,1,5,B,{V,W,"meta"}},{C,129,25,29,B,{D,X}},{C,130,9,13,B,{D,K}},{A,130,38,51,4,I},{C,132,11,15,B,{D,E}},{C,134,10,13,a},{C,136,10,17,Y},{C,137,17,24,Y},{C,139,20,25,Z,{T}},{C,139,67,70,a}},{},{4,27,0,26,57,2,0,108,46,26,4,48,28,4,48,15,4,0,40,15,32,29,40,43,6,23,5,0,42,27,26,28,30,29,29,32,52,49,53,20,66,5,0,28,85,78,27,35,52,55,5,6,5,22,0,21,31,90,97,28,36,55,60,6,7,6,0,53,5,4,0,20,3,0,40,17,52,35,39,47,6,50,35,39,46,6,52,35,39,53,6,48,35,23,26,6,52,35,47,46,6,54,35,146,28,80,3,6,56,35,38,44,6,0,8,50,35,23,13,17,17,18,6,17,5,5,1,0,46,51,25,30,51,33,17,25,27,6,74,5,5,1},{b,b,b,b,b,[76]=b,[78]=b,[79]=b,[83]=b,[84]=b,[88]=b,[89]=b,[93]=b,[94]=b,[98]=b,[99]=b,[103]=b,[104]=b,[110]=b,[111]=b,[115]=b,[117]=b,[118]=b}}
f:\dropbox\proj\code\dev\plume\plume\plume-data\engine\std\os.lua
1781427011
local A,B,C,D,E,F,G,H,I,J="plume","113","obj","561","os","luaMacro","function","212","args","comment";return {{{D,1,1,1,1,"main_chunk"},{"112",8,1,5,A,{"std",E}},{B,8,16,20,A,{C,"quickTable"}},{B,9,11,15,A,{C,F}},{D,9,40,54,1,G},{H,9,50,53,I},{B,11,16,17,E,{"getenv"}},{B,11,26,29,"name"},{B,15,12,16,A,{C,F}},{D,15,42,56,1,G},{H,15,52,55,I},{B,17,27,31,"pcall"},{D,17,33,42,2,G},{B,18,14,15,"io",{"popen"}},{B,18,23,29,"command"}},{},{4,27,0,26,57,2,0,37,54,26,30,6,0,29,56,29,42,30,16,14,6,25,12,11,6,24,5,1},{J,J,J,J,J,[10]=J,[14]=J,[16]=J}}
f:\dropbox\proj\code\dev\plume\plume\plume-data\engine\std\path.lua
1781445786
local A,B,C,D,E,F,G,H,I,J,K,L,M,N,O,P,Q,R,S,T,U,V,W,X,Y,Z="113","561","function","plume","obj","luaMacro","212","args","614","string","format","os","remove","newpath","io","open","stdio","table","insert","211","_","type","quickTable","611","std","comment";return {{{B,1,1,1,1,"main_chunk"},{A,8,24,28,"pcall"},{A,8,30,36,"require"},{B,10,7,35,8,C,"mkdirs"},{B,33,7,26,6,C,"rmdir"},{X,39,1,3},{A,43,23,24,L,{M}},{B,53,7,29,3,C,"makePath"},{A,59,14,18,D,{E,W}},{A,61,12,16,D,{E,F}},{B,61,42,55,2,C},{G,61,51,54,H},{I,62,16,16},{A,71,17,21,D,{E,F}},{B,71,52,65,2,C},{G,71,61,64,H},{I,72,16,16},{A,81,12,16,D,{E,F}},{B,81,42,55,1,C},{G,81,51,54,H},{I,82,16,16},{A,86,10,14,D,{E,F}},{B,86,38,51,2,C},{G,86,47,50,H},{I,87,16,16},{A,91,19,24,J,{K}},{A,96,12,16,D,{E,F}},{B,96,42,55,3,C},{G,96,51,54,H},{I,97,16,16},{A,101,19,24,J,{K}},{A,105,12,13,L,{M}},{A,111,10,14,D,{E,F}},{B,111,38,51,2,C},{A,116,19,24,J,{K}},{A,119,33,39,N},{A,120,11,12,L,{"rename"}},{A,120,27,33,N},{A,122,10,14,D,{E,F}},{B,122,38,51,3,C},{I,123,16,16},{A,126,16,17,O,{P}},{A,128,19,24,J,{K}},{A,130,17,18,O,{P}},{A,132,19,24,J,{K}},{A,142,15,19,D,{E,F}},{B,142,48,61,2,C},{G,142,57,60,H},{I,143,16,16},{A,151,13,17,D,{E,F}},{B,151,44,57,1,C},{G,151,53,56,H},{I,152,16,16},{A,155,10,14,D,{E,F}},{B,155,38,51,1,C},{G,155,47,50,H},{I,156,16,16},{A,157,11,15,D,{Q,"read"}},{A,159,11,15,D,{E,F}},{B,159,40,53,2,C},{A,166,11,15,D,{Q,"write"}},{A,166,35,39,R,{"concat"}},{A,166,61,66,"append"},{A,168,11,15,D,{E,F}},{B,168,40,53,3,C},{G,168,49,52,H},{I,169,16,16},{A,175,17,18,O,{P}},{A,177,19,24,J,{K}},{A,182,17,21,D,{E,F}},{B,182,52,65,4,C},{G,182,61,64,H},{I,183,16,16},{A,184,19,23,D,{E,R}},{T,188,12,12,U,nil,true},{A,189,6,10,R,{S}},{A,190,6,10,R,{S}},{A,195,10,14,D,{E,F}},{B,195,38,51,5,C},{G,195,47,50,H},{I,196,16,16},{A,197,19,23,D,{E,R}},{T,208,13,13,U,nil,true},{A,209,7,11,R,{S}},{A,210,7,11,R,{S}},{A,212,7,11,R,{S}},{B,222,8,27,3,C,"div"},{A,225,6,9,V},{A,231,6,9,V},{A,240,13,17,D,{E,W}},{A,241,14,18,D,{E,F}},{B,241,46,59,1,C},{G,241,55,58,H},{I,242,16,16},{A,246,9,13,D,{E,F}},{B,246,36,49,1,C},{G,246,45,48,H},{A,248,15,15,"x"},{A,248,18,18,"y"},{X,251,1,1},{A,255,1,5,R,{S}},{A,255,14,18,D,{Y,L,"keys"}},{"112",256,1,5,D,{Y,L,R,"Path"}},{A,256,27,31,D,{E,F}},{B,256,54,68,1,C},{G,256,64,67,H},{A,258,18,21,"path"}},{},{4,27,0,26,57,2,0,44,0,35,20,28,36,49,29,5,29,37,8,5,0,39,18,46,22,24,6,5,4,12,3,0,26,30,40,31,37,24,3,35,34,7,38,6,22,26,6,5,4,23,3,0,29,22,33,4,33,0,34,14,55,16,36,0,19,22,6,0,35,7,65,16,36,0,19,22,6,0,40,7,55,16,36,27,7,51,16,36,0,15,79,6,0,22,7,55,16,36,0,19,77,6,0,30,26,7,22,6,0,7,51,30,36,0,19,75,6,0,39,34,7,51,16,32,0,28,18,56,6,37,19,58,6,0,29,14,15,0,27,7,0,61,16,0,30,51,7,48,6,7,57,16,38,7,51,16,32,7,53,42,45,22,24,6,0,67,7,53,16,45,22,24,6,0,34,19,58,6,15,14,7,65,16,39,0,32,42,52,42,45,7,6,22,7,51,16,39,0,27,16,29,38,17,0,40,43,47,49,46,46,0,40,8,7,6,22,6,2,0,21,0,27,20,0,30,13,6,24,5,0,30,13,6,24,5,0,40,4,0,33,59,16,20,7,0,49,44,19,6,2,1,17,3,0,39,68,27,22,4},{Z,Z,Z,Z,Z,[62]=Z,[72]=Z,[82]=Z,[87]=Z,[97]=Z,[112]=Z,[123]=Z,[143]=Z,[152]=Z,[156]=Z,[160]=Z,[169]=Z,[183]=Z,[196]=Z,[242]=Z,[247]=Z,[257]=Z}}
f:\dropbox\proj\code\dev\plume\plume\plume-data\engine\std\plume.lua
1781427016
local A,B,C,D,E,F="plume","113","obj","561","m","comment";return {{{D,1,1,1,1,"main_chunk"},{"112",11,1,5,A,{"std",A}},{B,11,19,23,A,{C,"quickTable"}},{B,12,8,12,A,{C,"luaMacro"}},{D,12,34,48,3,"function"},{"212",12,44,47,"args"},{B,14,29,29,E,{"debugMacroName"}},{B,14,49,49,E,{"name"}},{B,14,72,72,E,{"doc","gsub"}}},{},{4,27,0,26,57,2,0,53,33,0,40,48,22,103,5,1},{F,F,F,F,F,[8]=F,[9]=F,[13]=F}}
f:\dropbox\proj\code\dev\plume\plume\plume-data\engine\std\random.lua
1781446454
local A,B,C,D,E,F,G,H,I,J,K,L,M,N,O,P,Q,R,S,T,U,V,W,X,Y,Z,a="plume","561","function","_deriveSeed","113","111","_random","_random_range","obj","luaMacro","args","os","time","212","432","t","table","213","_","ipairs","keys","type","count","112","quickTable","611","comment";return {{{B,1,1,1,1,"main_chunk"},{X,8,1,5,A,{"std","Random"}},{E,8,20,24,A,{I,J}},{B,8,49,63,2,C},{B,10,2,37,2,C,D},{F,10,11,21,D},{E,18,16,26,D},{E,18,45,46,L,{M}},{B,20,2,19,1,C,G},{F,20,11,17,G},{B,24,2,29,1,C,H},{F,24,11,23,H},{E,25,10,13,"math",{"floor"}},{E,25,21,27,G},{B,28,8,26,2,C,"shuffle"},{R,29,7,7,S},{E,30,14,26,H},{E,31,14,26,H},{Z,36,1,1},{E,37,17,21,A,{I,Y}},{E,38,10,14,A,{I,J}},{B,38,38,51,2,C},{N,38,47,50,K},{O,38,47,50,K,8,59,62},{E,40,12,22,D},{E,40,24,30,"newseed"},{E,40,35,36,L,{M}},{E,43,12,16,A,{I,J}},{B,43,42,55,1,C},{N,43,51,54,K},{O,43,51,54,K,8,59,62},{E,45,17,17,P,{Q,true}},{E,45,25,37,H},{E,45,43,43,P,{Q}},{E,47,13,17,A,{I,J}},{B,47,44,57,6,C},{N,47,53,56,K},{O,47,53,56,K,8,59,62},{R,50,8,8,S},{E,50,16,21,T},{E,50,23,23,P,{U}},{E,51,15,15,P,{Q,true}},{E,52,8,11,V},{E,56,14,20,G},{R,58,8,8,S},{E,58,16,21,T},{E,58,23,23,P,{U}},{E,59,15,15,P,{Q,true}},{E,60,8,11,V},{E,68,13,17,A,{I,J}},{B,68,44,57,1,C},{N,68,53,56,K},{O,68,53,56,K,8,59,62},{E,70,12,12,P},{E,73,12,16,A,{I,J}},{B,73,42,55,7,C},{N,73,51,54,K},{O,73,51,54,K,8,59,62},{E,75,7,11,W},{E,75,16,16,P,{Q}},{E,76,19,24,"string",{"format"}},{E,77,6,10,W},{E,77,14,14,P,{Q}},{E,77,32,32,P,{Q}},{F,79,4,4,P},{E,79,8,12,A,{"stdUtils","copy"}},{E,79,28,28,P},{E,80,12,12,P},{E,82,11,11,P,{Q}},{E,82,20,24,W},{E,83,19,24,T},{E,83,26,26,P,{U}},{X,85,7,7,P,{U,true}},{X,89,5,5,P,{Q,true}},{E,91,17,17,P},{E,94,16,20,A,{I,Y}},{E,95,10,14,A,{I,J}},{B,95,38,51,4,C},{O,95,47,50,K,8,59,62},{E,97,18,24,G},{E,99,18,30,H},{E,101,18,30,H},{Z,105,1,1}},{},{4,27,0,26,57,2,0,63,27,37,81,22,11,6,17,5,4,57,0,19,40,29,4,29,44,4,0,26,22,39,39,0,50,5,4,1,37,51,32,47,14,7,55,23,51,7,57,23,15,32,24,31,16,7,6,27,9,32,24,31,16,18,20,8,7,6,7,57,23,13,14,7,55,37,27,97,47,6,29,13,0,33,35,19,21,11,8,7,20,6,17,6,2,36,51,27,26,31,48,31,60,6,6,2,1,20,4},{a,a,a,a,a,[9]=a,[39]=a,[44]=a,[48]=a,[69]=a,[74]=a}}
f:\dropbox\proj\code\dev\plume\plume\plume-data\engine\std\string.lua
1781441330
local A,B,C,D,E,F,G,H,I,J,K,L,M,N,O,P,Q,R,S,T,U,V,W,X,Y,Z,a="561","113","table","insert","function","type","plume","obj","string","luaMacro","212","args","s","pattern","111","sub","gsub","format","positionalParamCount","sep","rich","match","gmatch","tonumber","count","concat","comment";return {{{A,1,1,1,1,"main_chunk"},{A,8,7,37,2,E,"replaceUpdate"},{B,18,3,7,C,{D}},{B,23,3,7,C,{D}},{B,25,26,30,C,{Z}},{A,30,7,42,8,E,"replaceNext"},{B,31,12,15,F},{B,31,53,56,F},{B,33,17,22,I,{R}},{B,36,6,9,F},{B,37,3,7,C,{D}},{"112",42,1,5,G,{"std","String"}},{B,42,20,24,G,{H,"quickTable"}},{B,45,10,14,G,{H,J}},{A,45,38,52,1,E},{K,45,48,51,L},{B,48,16,21,I,{"upper"}},{B,48,29,29,M},{B,50,10,14,G,{H,J}},{A,50,38,52,1,E},{K,50,48,51,L},{B,53,16,21,I,{"lower"}},{B,53,29,29,M},{B,56,12,16,G,{H,J}},{A,56,42,56,5,E},{K,56,52,55,L},{B,59,10,13,U},{O,60,4,10,N},{B,60,14,20,N,{Q}},{B,61,7,10,F},{B,61,12,14,P},{O,62,5,7,P},{B,62,11,13,P,{Q}},{B,66,6,9,F},{B,66,11,13,P},{B,67,7,9,P,{S}},{B,68,19,24,I,{R}},{B,68,109,111,P,{S}},{B,73,20,20,M},{B,74,20,26,N},{B,76,20,22,P},{B,84,17,17,M,{Q}},{B,84,24,30,N},{B,84,33,35,P},{B,88,13,17,G,{H,J}},{A,88,44,58,2,E},{K,88,54,57,L},{B,91,6,13,X},{B,91,15,15,M},{B,99,9,13,G,{H,J}},{A,99,36,50,1,E},{K,99,46,49,L},{B,102,17,17,M,{Q}},{B,104,10,14,G,{H,J}},{A,104,38,52,1,E},{K,104,48,51,L},{B,107,17,17,M,{Q}},{B,109,10,14,G,{H,J}},{A,109,38,52,1,E},{K,109,48,51,L},{B,112,17,17,M,{Q}},{B,114,13,17,G,{H,J}},{A,114,44,58,1,E},{K,114,54,57,L},{B,117,17,17,M,{Q}},{B,119,11,15,G,{H,J}},{A,119,40,54,1,E},{K,119,50,53,L},{B,122,23,23,M,{V}},{B,123,17,17,M,{Q}},{B,125,11,15,G,{H,J}},{A,125,40,54,1,E},{K,125,50,53,L},{B,128,16,18,T},{B,128,21,21,M,{Q}},{B,128,40,42,T},{B,132,9,13,G,{H,J}},{A,132,36,50,3,E},{K,132,46,49,L},{B,135,10,13,U},{O,136,4,10,N},{B,136,14,20,N,{Q}},{B,139,17,17,M,{V}},{B,139,25,31,N},{B,139,37,41,G,{"empty"}},{B,141,13,17,G,{H,J}},{A,141,44,58,3,E},{K,141,54,57,L},{B,144,10,13,U},{O,145,4,10,N},{B,145,14,20,N,{Q}},{B,148,6,6,M,{V}},{B,148,14,20,N},{B,154,15,19,G,{H,J}},{A,154,48,62,3,E},{K,154,58,61,L},{B,157,10,13,U},{O,158,4,10,N},{B,158,14,20,N,{Q}},{B,161,6,6,M,{V}},{B,161,19,25,N},{B,167,13,17,G,{H,J}},{A,167,44,58,3,E},{K,167,54,57,L},{B,170,10,13,U},{O,171,4,10,N},{B,171,14,20,N,{Q}},{B,174,6,6,M,{V}},{B,174,14,20,N},{B,180,10,14,G,{H,J}},{A,180,38,52,3,E},{K,180,48,51,L},{B,183,10,13,U},{O,184,4,10,N},{B,184,14,20,N,{Q}},{"213",188,7,7,"_"},{B,188,12,12,M,{W}},{B,188,21,27,N},{B,196,10,14,G,{H,J}},{A,196,38,52,4,E},{K,196,48,51,L},{B,199,13,17,G,{H,C}},{B,201,10,13,U},{O,202,4,6,T},{B,202,10,12,T,{Q}},{B,206,20,20,M,{W}},{B,206,38,40,T},{B,207,4,8,C,{D}},{B,208,4,8,C,{D}},{B,212,14,14,M},{B,213,4,8,C,{D}},{B,213,26,26,M,{P}},{B,214,4,8,C,{D}},{B,219,10,14,G,{H,J}},{A,219,38,52,3,E},{K,219,48,51,L},{B,222,13,17,G,{H,C}},{B,225,14,14,M,{W}},{B,226,4,8,C,{D}},{B,227,4,8,C,{D}},{B,231,14,14,M},{B,232,4,8,C,{D}},{B,232,26,26,M,{P}},{B,233,4,8,C,{D}},{B,238,12,16,G,{H,J}},{A,238,42,56,3,E},{K,238,52,55,L},{B,242,10,13,U},{O,243,4,10,N},{B,243,14,20,N,{Q}},{B,246,13,17,G,{H,C}},{B,248,14,14,M,{W}},{B,248,23,29,N},{B,249,4,8,C,{D}},{B,250,4,8,C,{D}},{B,255,14,18,G,{H,J}},{A,255,46,60,2,E},{K,255,56,59,L},{B,258,10,13,U},{O,259,4,10,N},{B,259,14,20,N,{Q}},{B,262,13,17,G,{H,C}},{B,264,40,40,M,{V}},{B,264,57,63,N},{B,269,8,12,G,{H,J}},{A,269,34,48,3,E},{K,269,44,47,L},{O,272,3,7,Y},{B,272,11,18,X},{B,272,20,24,Y},{B,274,12,16,Y},{B,275,4,8,C,{D}},{B,275,25,25,M},{B,276,9,13,Y},{B,277,5,9,C,{D}},{B,277,26,28,T},{B,281,16,20,C,{Z}},{B,284,8,12,G,{H,J}},{A,284,34,48,1,E},{K,284,44,47,L},{B,287,16,16,M,{P}},{B,287,22,29,"startpos"},{B,287,32,37,"endpos"}},{},{4,27,0,26,57,2,0,37,31,28,32,28,0,48,0,13,40,43,63,32,5,30,35,20,42,4,12,3,0,42,63,57,116,4,0,58,34,4,12,3,0,41,0,16,52,35,23,30,6,52,35,23,30,6,0,56,35,64,18,63,32,32,6,5,0,31,40,133,6,0,20,33,21,27,21,23,22,33,30,4,29,5,0,37,6,0,9,58,35,23,21,20,6,21,5,6,0,17,50,35,23,52,6,52,35,23,35,6,52,35,23,35,6,58,35,23,35,6,54,35,23,37,75,6,54,35,38,43,6,0,10,50,35,46,18,63,5,0,48,6,58,35,46,18,63,5,0,26,20,6,21,5,6,62,35,46,18,63,5,0,31,20,6,21,5,6,58,35,46,18,63,5,0,31,20,6,21,5,6,52,35,46,18,63,5,0,17,31,20,5,0,20,6,0,16,52,35,45,33,0,18,55,5,0,15,49,29,33,27,5,0,19,40,33,5,0,16,6,52,35,23,33,0,15,34,29,33,23,5,0,19,40,33,5,0,16,6,56,35,46,0,18,63,5,0,33,0,33,29,33,5,0,16,6,60,35,46,18,63,5,0,33,20,73,0,16,6,0,48,35,56,25,19,19,26,18,29,6,5,0,35,6,0,48,35,55,38,5,1},{a,a,a,a,a,[44]=a,[46]=a,[47]=a,[51]=a,[52]=a,[57]=a,[58]=a,[87]=a,[89]=a,[90]=a,[98]=a,[100]=a,[101]=a,[105]=a,[106]=a,[110]=a,[111]=a,[115]=a,[116]=a,[120]=a,[121]=a,[126]=a,[127]=a,[131]=a,[133]=a,[134]=a,[142]=a,[143]=a,[155]=a,[156]=a,[168]=a,[169]=a,[181]=a,[182]=a,[195]=a,[197]=a,[198]=a,[220]=a,[221]=a,[239]=a,[240]=a,[256]=a,[257]=a,[270]=a,[271]=a,[285]=a,[286]=a}}
f:\dropbox\proj\code\dev\plume\plume\plume-data\engine\std\table.lua
1781436329
local A,B,C,D,E,F,G,H,I,J,K,L,M,N,O,P,Q,R,S,T,U,V,W,X,Y,Z,a,b,c,d,e,f,g,h,i,j="561","function","113","table","insert","plume","obj","stdUtils","copy","112","type","index","ipairs","t","keys","remove","luaMacro","212","args","111","sep","412","error","key","tonumber","213","_","x","compare","positionalParamCount","std","Table","quickTable","string","format","comment";return {{{A,1,1,1,1,"main_chunk"},{A,8,7,34,3,B,"sortUpdate"},{C,10,3,7,D,{E}},{A,29,7,39,2,B,"sortNext"},{C,33,3,7,D,{E}},{A,40,1,41,7,B,"plume.stdUtils.copy"},{J,40,10,14,F,{H,I}},{V,41,8,9,"nt",40,39,40},{C,41,19,23,F,{G,D}},{Z,43,6,6,a},{C,43,16,21,M},{C,46,15,18,K},{C,50,22,26,F,{G,D}},{C,51,13,17,F,{H,I}},{C,57,3,7,D,{E}},{J,64,1,5,F,{e,f}},{C,64,19,23,F,{G,g}},{C,65,11,15,F,{G,Q}},{A,65,40,53,5,B},{R,65,49,52,S},{T,68,3,7,L},{C,68,12,15,K},{C,68,17,21,L},{C,68,40,44,L},{C,68,51,51,N,{D}},{C,70,21,26,M},{C,70,28,28,N,{O}},{C,71,16,20,L},{C,72,5,9,D,{P}},{C,72,18,18,N,{O}},{C,76,16,20,D,{P}},{C,76,29,29,N,{D}},{C,76,38,42,L},{C,78,11,15,F,{G,Q}},{A,78,40,53,1,B},{R,78,49,52,S},{C,80,3,7,D,{E}},{C,80,16,16,N,{D}},{C,80,25,28,"item"},{C,81,3,7,D,{E}},{C,81,16,16,N,{O}},{C,81,25,25,N,{D}},{C,84,9,13,F,{G,Q}},{A,84,36,49,9,B},{C,86,6,8,U},{C,86,13,17,F,{G,"empty"}},{T,87,4,6,U},{V,90,9,12,S,84,45,48},{C,91,30,33,K},{C,92,18,22,F,{W,"joinErrorHint"}},{C,95,19,24,M},{C,96,7,10,K},{C,96,35,38,K},{C,97,19,23,F,{W,"wrongArgTypeStd"}},{C,97,58,61,K},{C,101,10,14,"pcall"},{C,101,16,20,D,{"concat"}},{C,101,36,38,U},{C,103,14,18,F,{G,Q}},{A,103,46,59,5,B},{R,103,55,58,S},{T,105,3,5,X},{C,105,9,16,Y},{C,105,18,20,X},{C,105,26,28,X},{C,107,15,20,M},{C,107,22,22,N,{O}},{C,108,12,14,X},{C,115,18,22,F,{W,"cannotRemoveNotfoundKey"}},{C,115,54,56,X},{J,118,3,3,N,{D,true}},{C,118,11,13,X},{C,119,3,7,D,{P}},{C,119,16,16,N,{O}},{C,122,11,15,F,{G,Q}},{A,122,40,53,4,B},{R,122,49,52,S},{T,124,3,5,X},{C,124,9,16,Y},{C,124,18,20,X},{C,124,26,28,X},{Z,125,7,7,a},{C,125,15,20,M},{C,125,22,22,N,{O}},{C,126,12,14,X},{C,133,9,13,F,{G,Q}},{A,133,36,49,3,B},{R,133,45,48,S},{Z,135,7,7,a},{C,135,15,20,M},{C,135,22,22,N,{O}},{C,136,7,7,N,{D,true}},{C,136,21,21,b},{C,142,12,16,F,{G,Q}},{A,142,42,55,3,B},{R,142,51,54,S},{C,144,18,22,F,{G,D}},{Z,145,7,7,a},{C,145,15,20,M},{C,145,22,22,N,{O}},{C,146,7,7,N,{D,true}},{C,146,21,21,b},{C,147,5,9,D,{E}},{C,148,5,9,D,{E}},{C,154,10,14,F,{G,Q}},{A,154,38,51,4,B},{R,154,47,50,S},{C,156,6,10,"named"},{Z,158,8,8,a},{C,158,16,21,M},{C,158,23,23,N,{O}},{C,159,12,19,Y},{C,165,18,18,N,{O}},{C,168,10,14,F,{G,Q}},{A,168,38,51,1,B},{R,168,47,50,S},{C,170,15,15,N,{O,true}},{C,170,22,26,L},{C,171,18,22,F,{G,D}},{C,173,21,21,N,{D,true}},{"611",175,1,2},{C,179,9,13,F,{G,Q}},{A,179,36,49,4,B},{R,179,45,48,S},{C,181,6,12,c},{C,181,19,19,N,{D}},{C,182,7,13,c,{d}},{C,183,19,24,h,{i}},{C,183,110,116,c,{d}},{C,188,20,20,N},{C,189,20,26,c},{C,192,21,21,N,{D,false}},{"612",192,33,33},{C,198,4,8,D,{"sort"}},{C,198,15,15,N,{D}},{C,203,9,13,F,{G,Q}},{A,203,36,49,1,B},{R,203,45,48,S},{C,205,16,20,F,{H,I}},{C,205,36,36,N},{C,208,13,17,F,{G,Q}},{A,208,44,57,1,B},{R,208,53,56,S},{C,210,16,20,F,{H,I}},{C,210,36,36,N},{C,213,8,12,F,{G,Q}},{A,213,34,47,2,B},{R,213,43,46,S},{Z,216,7,7,a},{C,216,15,20,M},{C,216,22,28,"numbers"},{J,223,1,5,F,{e,f,"meta"}},{C,223,24,28,F,{G,g}},{C,224,13,17,F,{G,Q}},{A,224,41,54,4,B},{R,224,50,53,S},{C,226,13,16,K},{C,226,18,18,b},{C,226,36,36,b,{K}},{C,226,47,50,K},{C,226,52,52,b},{C,228,18,23,h,{i}},{C,230,17,17,b}},{},{4,27,0,26,57,2,0,34,31,63,27,15,4,0,43,42,33,29,34,3,5,30,39,4,0,12,3,0,39,14,27,5,74,27,15,4,12,3,0,41,52,0,32,31,13,73,25,26,7,42,63,6,6,19,5,0,28,23,4,0,10,3,0,39,53,45,84,57,0,37,25,29,6,5,0,43,6,53,34,29,32,13,6,49,51,32,11,5,0,25,86,44,5,0,33,62,111,6,5,0,39,6,59,31,28,17,31,19,13,9,6,5,0,20,57,5,0,20,29,13,6,53,31,28,31,19,21,6,5,0,20,6,49,29,31,26,18,6,5,18,6,55,29,38,31,26,33,44,6,5,0,21,6,51,30,15,18,32,27,22,7,6,21,6,23,5,6,51,33,27,38,23,32,22,2,21,6,0,49,38,34,44,138,6,0,20,33,21,27,21,21,33,30,27,4,29,6,22,14,5,6,0,49,22,37,6,0,57,22,41,6,0,47,32,13,32,12,5,16,5,1,0,44,54,20,53,22,68,6,17,5,5,1},{j,j,j,j,j,[66]=j,[67]=j,[79]=j,[85]=j,[104]=j,[123]=j,[134]=j,[143]=j,[155]=j,[169]=j,[180]=j,[204]=j,[209]=j,[214]=j,[225]=j}}
f:\dropbox\proj\code\dev\plume\plume\plume-data\engine\std\time.lua
1781436278
local A,B,C,D,E,F,G,H,I,J,K,L,M,N,O,P,Q,R,S,T,U,V,W,X,Y="561","113","type","function","tonumber","os","clock","plume","obj","luaMacro","411","success","method","date","432","args","string","format","611","table","212","quickTable","time","s","comment";return {{{A,1,1,1,1,"main_chunk"},{A,10,7,25,3,D,"getType"},{B,11,9,12,C},{B,11,48,51,C},{A,14,7,28,6,D,"convert"},{B,16,40,47,E},{B,17,7,14,E},{B,23,17,22,Q,{R}},{A,29,7,23,2,D,"sleep"},{B,30,12,13,F,{G}},{B,31,8,9,F,{G}},{B,34,15,19,H,{I,J}},{A,34,41,54,5,D},{K,45,8,14,L,41,8,14},{B,59,15,19,H,{I,J}},{A,59,41,54,5,D},{K,70,8,14,L,66,8,14},{B,84,15,19,H,{I,J}},{A,84,41,54,5,D},{K,99,8,14,L,95,8,14},{B,109,15,19,H,{I,J}},{A,109,41,54,5,D},{K,124,8,14,L,120,8,14},{A,135,1,26,4,D,"createDate"},{B,136,15,19,H,{I,T}},{S,137,1,1},{A,145,2,36,5,M,"time.updateTimestamp"},{O,145,32,35,P,135,22,25},{B,146,26,27,F,{W}},{A,158,2,33,1,M,"time.getFromTimestamp"},{B,161,13,20,E},{B,161,22,23,F,{N}},{B,162,13,20,E},{B,162,22,23,F,{N}},{B,163,13,20,E},{B,163,22,23,F,{N}},{B,164,13,20,E},{B,164,22,23,F,{N}},{B,165,13,20,E},{B,165,22,23,F,{N}},{B,166,13,20,E},{B,166,22,23,F,{N}},{B,183,14,18,H,{I,V}},{B,184,14,18,H,{I,J}},{A,184,46,59,1,D},{O,184,55,58,P,135,22,25},{B,186,17,18,F,{N}},{B,188,14,18,H,{I,J}},{A,188,46,59,2,D},{O,188,55,58,P,135,22,25},{B,203,14,18,H,{I,J}},{A,203,46,59,2,D},{O,203,55,58,P,135,22,25},{B,209,19,24,Q,{R}},{B,217,8,12,H,{I,J}},{A,217,33,46,3,D},{O,217,42,45,P,135,22,25},{B,230,8,12,H,{I,J}},{A,230,33,46,5,D},{O,230,42,45,P,135,22,25},{B,238,19,24,Q,{R}},{S,244,1,1},{A,248,1,26,1,D,"createDuration"},{B,249,19,23,H,{I,T}},{B,256,18,22,H,{I,T}},{B,258,33,37,H,{I,J}},{A,258,65,78,1,D},{B,262,33,37,H,{I,J}},{A,262,65,78,1,D},{U,262,74,77,P},{B,265,33,37,H,{I,J}},{A,265,65,78,5,D},{S,268,1,2},{B,278,18,23,Q,{R}},{B,287,27,31,H,{I,J}},{A,287,52,65,3,D},{B,301,27,31,H,{I,J}},{A,301,52,65,5,D},{B,309,18,23,Q,{R}},{A,318,7,34,1,D,"ignoreSuccess"},{U,318,30,30,"_"},{"112",322,1,5,H,{"std","Time"}},{B,322,18,22,H,{I,V}},{B,323,9,13,H,{I,J}},{A,323,36,49,1,D},{S,327,1,1},{B,328,13,17,H,{I,J}},{A,328,44,57,1,D},{U,328,53,56,P},{B,330,25,31,"seconds"},{B,333,8,12,H,{I,J}},{A,333,34,47,1,D},{U,333,43,46,P},{"614",334,15,15},{B,335,32,33,F,{W}},{B,343,11,15,H,{I,J}},{A,343,39,53,2,D},{U,343,49,52,P},{B,345,6,9,C},{B,345,11,11,X},{"111",346,4,4,X},{B,346,8,8,X,{"value"}},{B,349,9,9,X}},{},{4,27,0,26,57,2,0,32,0,25,54,3,0,28,8,55,17,28,13,24,23,5,71,4,0,15,3,0,23,21,33,3,0,54,24,24,0,22,22,0,35,20,20,4,35,20,20,4,0,23,0,38,31,5,39,4,4,0,54,24,24,0,22,22,0,35,20,20,4,35,20,20,4,0,23,0,38,31,5,39,4,4,0,54,24,24,0,22,22,0,37,49,4,0,35,20,20,4,35,20,20,4,0,23,0,30,4,0,54,24,24,0,22,22,0,37,47,4,0,35,20,20,4,35,20,20,4,0,23,0,30,4,0,0,26,35,1,14,14,11,9,8,2,0,36,34,30,28,25,4,30,14,6,61,5,4,0,33,42,10,47,47,47,47,47,46,3,4,0,30,0,29,47,39,5,46,4,0,20,24,4,0,34,59,31,51,7,59,33,31,31,41,0,26,22,6,0,22,31,0,14,7,59,31,28,41,0,26,61,6,27,7,14,14,14,14,46,26,26,0,24,24,0,39,22,6,0,54,7,46,26,26,0,24,24,0,39,94,6,0,53,6,2,1,18,3,0,26,39,19,0,25,0,33,0,38,86,78,30,25,5,78,48,5,78,30,27,2,22,34,27,33,29,31,29,26,6,60,5,5,0,32,32,32,32,0,65,25,25,0,23,23,0,46,21,5,0,33,5,0,65,25,25,0,23,23,0,46,101,5,0,32,5,0,22,3,0,34,9,3,0,38,49,160,25,6,1,57,29,32,6,0,47,15,42,6,0,43,44,47,48,0,53,32,28,14,5,0,10,13,5,1,0},{Y,Y,Y,Y,Y,[324]=Y,[329]=Y,[334]=Y,[344]=Y}}
f:\dropbox\proj\code\dev\plume\plume\plume-data\engine\std\utils.lua
1781427031
local A,B,C,D,E,F,G,H,I,J,K,L,M,N,O="561","plume","113","function","112","table","insert","213","_","ipairs","error","unpack","type","tonumber","comment";return {{{A,1,1,1,1,"main_chunk"},{A,8,1,76,3,D,"plume.stdUnpackPositional"},{E,8,10,14,B,{"stdUnpackPositional"}},{C,10,17,21,B,{K,"wrongArgsCountStd"}},{C,15,20,25,L},{A,18,1,60,7,D,"plume.stdUnpackNamed"},{E,18,10,14,B,{"stdUnpackNamed"}},{H,21,6,6,I},{C,21,16,21,J},{C,24,4,8,F,{G}},{C,26,4,8,F,{G}},{H,30,6,6,I},{C,30,16,21,J},{C,31,10,17,N},{C,33,5,9,F,{G}},{C,35,19,23,B,{K,"unknownParameterStd"}},{C,41,20,25,L},{A,44,1,68,16,D,"plume.stdCheckType"},{E,44,10,14,B,{"stdCheckType"}},{C,45,16,19,M},{C,46,5,8,M},{C,60,6,13,N},{C,61,10,17,N},{C,65,9,16,"tostring"},{C,72,17,21,B,{K,"wrongArgTypeStd"}}},{},{4,27,0,26,57,2,0,76,55,46,50,4,4,0,37,3,0,60,18,0,32,20,25,40,6,30,5,4,0,35,27,33,41,7,71,6,5,4,0,0,33,3,0,68,24,42,45,22,66,25,6,19,5,4,51,17,4,0,51,23,22,19,5,55,21,18,4,0,26,23,5,44,44,8,4,3},{O,O,O,O,O}}
f:\dropbox\proj\code\dev\plume\plume\plume-data\engine\std\vm.lua
1781427034
local A,B,C,D,E,F,G,H="561","112","plume","stdVM","113","ops_count","ops_names","comment";return {{{A,1,1,1,2,"main_chunk"},{B,8,1,5,C,{D}},{A,9,7,61,3,"function","registerLuaStdFunction"},{B,17,2,6,C,{D,true}},{E,20,12,16,C,{F}},{"611",24,1,1},{B,26,2,6,C,{"ops",true}},{E,26,22,26,C,{F}},{B,27,2,6,C,{G}},{E,27,20,24,C,{G}},{B,28,2,6,C,{F}},{E,28,20,24,C,{F}},{E,39,18,22,"pairs"},{E,39,24,28,C,{D}},{B,40,2,6,C,{"std",true}}},{},{4,27,0,26,57,2,0,16,61,20,13,4,20,19,4,0,22,20,14,27,20,19,2,1,38,36,51,38,0,3,0,32,33,35,34,38,35,0,38,22,3},{H,H,H,H,H}}
f:\dropbox\proj\code\dev\plume\plume\plume-data\engine\vm\acc.lua
1781419521
local A,B,C,D,E,F,G,H,I,J,K,L,M,N,O,P,Q,R,S,T,U,V,W,X,Y,Z="561","BEGIN_ACC","212","function","111","_END_ACC","113","CONCAT_TEXT","arg1","arg2","CONCAT_TABLE","_STACK_PUSH","_CONCAT_TABLE","611","_STACK_GET","_STACK_POS","table","_STACK_SET_FRAMED","insert","CHECK_IS_TEXT","_STACK_SET","612","_ERROR","_STACK_POP","tostring","comment";return {{{A,1,1,1,1,"main_chunk"},{A,11,1,34,1,D,B},{E,11,10,18,B,nil,nil,true},{C,11,24,27,I},{C,11,30,33,J},{G,12,5,15,L},{V,12,20,20},{A,20,1,22,1,D,F},{E,20,10,17,F,nil,nil,true},{G,21,5,14,X},{A,29,1,37,1,D,H},{E,29,10,20,H,nil,nil,true},{C,29,27,30,I},{C,29,33,36,J},{G,30,19,28,O},{G,31,19,28,P},{N,32,1,4},{G,33,22,26,Q,{"concat"}},{G,34,5,15,"_STACK_MOVE"},{G,35,5,14,U},{G,36,5,12,F},{A,46,1,25,1,D,K},{E,46,10,21,K,nil,nil,true},{G,48,25,37,M},{G,50,5,20,"_STACK_POP_FRAME"},{G,51,5,15,L},{A,60,1,69,15,D,M},{E,60,10,22,M,nil,nil,true},{N,62,1,4},{G,63,26,35,O},{G,65,26,35,P},{G,80,23,32,O},{G,85,17,33,R},{G,91,21,25,Q,{S}},{G,102,25,34,O},{G,108,21,37,R},{G,110,21,26,W},{G,117,29,33,Q,{S}},{N,127,1,12},{A,141,1,39,10,D,T},{E,141,10,22,T,nil,nil,true},{C,141,29,32,I},{C,141,35,38,J},{G,142,19,28,O},{G,143,19,27,"_GET_TYPE"},{G,146,9,18,U},{G,146,38,47,P},{V,153,23,23},{N,160,1,4},{G,162,17,26,U},{G,162,46,55,P},{G,164,17,22,W},{G,167,13,22,U},{G,167,42,51,P},{G,167,72,79,Y},{G,172,13,22,X},{G,174,13,21,B},{G,175,13,22,"_PUSH_SELF"},{G,176,13,23,L},{G,177,13,27,"_INJECTION_PUSH"},{G,179,13,22,U},{G,179,42,51,P},{G,179,72,79,Y},{G,181,13,18,W}},{},{4,27,0,26,57,2,0,11,35,10,34,20,28,30,5,3,0,27,10,22,39,3,0,11,44,63,51,10,37,53,46,4,64,40,49,16,3,0,11,51,64,20,110,57,10,25,97,55,0,68,89,0,22,3,0,90,104,81,10,69,26,4,60,36,53,0,23,80,20,51,56,7,0,37,27,22,0,41,47,64,30,26,47,52,79,47,37,55,50,52,57,19,48,16,67,15,39,0,37,12,43,66,74,74,29,36,56,82,20,63,19,16,59,37,40,60,65,27,56,48,61,23,75,38,19,15,12,73,11,39,7,0,78,3,0,11,40,58,39,10,39,46,38,0,29,70,29,48,46,0,55,58,23,52,23,58,56,59,13,4,27,82,16,34,15,12,87,11,29,63,21,40,0,31,33,47,63,34,87,12,60,11,7,3},{Z,Z,Z,Z,Z,[8]=Z,[9]=Z,[10]=Z,[18]=Z,[19]=Z,[24]=Z,[25]=Z,[26]=Z,[27]=Z,[28]=Z,[39]=Z,[40]=Z,[41]=Z,[42]=Z,[43]=Z,[44]=Z,[45]=Z,[47]=Z,[50]=Z,[51]=Z,[56]=Z,[57]=Z,[58]=Z,[59]=Z,[68]=Z,[81]=Z,[84]=Z,[88]=Z,[99]=Z,[103]=Z,[107]=Z,[113]=Z,[123]=Z,[128]=Z,[136]=Z,[137]=Z,[138]=Z,[139]=Z,[140]=Z}}
f:\dropbox\proj\code\dev\plume\plume\plume-data\engine\vm\alu.lua
1781436502
local A,B,C,D,E,F,G,H,I,J,K,L,M,N,O,P,Q,R,S,T,U,V,W,X,Y,Z,a,b,c,d,e,f,g,h,i,j,k,l,m,n,o,p,q,r,s,t,u,v,w="561","_CHECK_NUMBER_META","113","tonumber","function","111","_HANDLE_META_BIN","_GET_TYPE","_STACK_PUSH","_HANDLE_META_UN","BEGIN_ACC","_PUSH_SELF","_INJECTION_PUSH","_BIN_OP_BOOL","_STACK_POP","_CHECK_BOOL","_UN_OP_BOOL","_BIN_OP_NUMBER","_UN_OP_NUMBER","_ERROR","_ADD","_MUL","_SUB","_DIV","_MOD","_POW","_NEG","OP_ADD","212","OP_MUL","arg1","arg2","612","OP_SUB","OP_DIV","OP_MOD","OP_POW","OP_NEG","_AND","_OR","_NOT","OP_AND","OP_OR","OP_NOT","_LT","OP_LT","OP_EQ","611","comment";return {{{A,1,1,1,1,"main_chunk"},{A,13,1,35,6,E,B},{F,13,10,27,B,nil,nil,true},{C,14,16,24,H},{C,16,16,23,D},{C,19,13,20,D},{C,24,20,24,"_CALL"},{A,39,1,49,15,E,G},{F,39,10,25,G,nil,nil,true},{C,41,20,28,H},{C,42,20,28,H},{C,65,9,17,K},{C,66,9,19,I},{C,68,13,23,I},{C,71,9,18,L},{C,73,9,19,I},{C,74,9,23,M},{A,86,1,38,5,E,J},{F,86,10,24,J,nil,nil,true},{C,88,8,16,H},{C,94,9,17,K},{C,95,9,18,L},{C,96,9,19,I},{C,97,9,23,M},{A,107,1,30,1,E,N},{F,107,10,21,N,nil,nil,true},{C,108,19,28,O},{C,109,19,28,O},{C,111,13,23,P},{C,112,13,23,P},{C,114,5,15,I},{A,121,1,29,1,E,Q},{F,121,10,20,Q,nil,nil,true},{C,122,15,24,O},{C,123,9,19,P},{C,124,5,15,I},{A,135,1,38,7,E,R},{F,135,10,23,R,nil,nil,true},{C,136,19,28,O},{C,137,19,28,O},{C,139,25,32,D},{C,140,24,31,D},{C,145,9,19,I},{C,150,23,40,B},{C,151,23,40,B},{C,155,26,41,G},{C,157,17,22,T},{C,162,13,23,I},{v,165,1,8},{A,173,1,37,3,E,S},{F,173,10,22,S,nil,nil,true},{C,174,15,24,O},{C,177,14,31,B},{C,180,16,30,J},{C,182,14,19,T},{C,185,9,19,I},{A,194,1,34,1,E,U},{F,194,10,13,U,nil,nil,true},{A,196,1,34,1,E,V},{F,196,10,13,V,nil,nil,true},{A,198,1,34,1,E,W},{F,198,10,13,W,nil,nil,true},{A,200,1,34,1,E,X},{F,200,10,13,X,nil,nil,true},{A,202,1,34,1,E,Y},{F,202,10,13,Y,nil,nil,true},{A,204,1,34,1,E,Z},{F,204,10,13,Z,nil,nil,true},{A,206,1,33,1,E,a},{F,206,10,13,a,nil,nil,true},{A,211,1,32,1,E,b},{F,211,10,15,b,nil,nil,true},{c,211,22,25,e},{c,211,28,31,f},{C,212,5,18,R},{C,212,25,28,U},{g,212,39,40},{A,217,1,32,1,E,d},{F,217,10,15,d,nil,nil,true},{c,217,22,25,e},{c,217,28,31,f},{C,218,5,18,R},{C,218,25,28,V},{g,218,39,40},{A,223,1,32,1,E,h},{F,223,10,15,h,nil,nil,true},{c,223,22,25,e},{c,223,28,31,f},{C,224,5,18,R},{C,224,25,28,W},{g,224,39,40},{A,229,1,32,1,E,i},{F,229,10,15,i,nil,nil,true},{c,229,22,25,e},{c,229,28,31,f},{C,230,5,18,R},{C,230,25,28,X},{g,230,39,40},{A,235,1,32,1,E,j},{F,235,10,15,j,nil,nil,true},{c,235,22,25,e},{c,235,28,31,f},{C,236,5,18,R},{C,236,25,28,Y},{g,236,39,40},{A,241,1,32,1,E,k},{F,241,10,15,k,nil,nil,true},{c,241,22,25,e},{c,241,28,31,f},{C,242,5,18,R},{C,242,25,28,Z},{g,242,39,40},{"614",245,29,29},{A,247,1,32,1,E,l},{F,247,10,15,l,nil,nil,true},{c,247,22,25,e},{c,247,28,31,f},{C,248,5,17,S},{C,248,25,28,a},{A,256,1,38,2,E,m},{F,256,10,13,m,nil,nil,true},{A,258,1,37,2,E,n},{F,258,10,12,n,nil,nil,true},{A,260,1,36,1,E,o},{F,260,10,13,o,nil,nil,true},{A,265,1,32,1,E,p},{F,265,10,15,p,nil,nil,true},{c,265,22,25,e},{c,265,28,31,f},{C,266,5,16,N},{C,266,23,26,m},{A,271,1,32,1,E,q},{F,271,10,14,q,nil,nil,true},{c,271,22,25,e},{c,271,28,31,f},{C,272,5,16,N},{C,272,23,25,n},{A,277,1,32,1,E,r},{F,277,10,15,r,nil,nil,true},{c,277,22,25,e},{c,277,28,31,f},{C,278,5,15,Q},{C,278,23,26,o},{A,289,1,35,1,E,s},{F,289,10,12,s,nil,nil,true},{A,294,1,31,1,E,t},{F,294,10,14,t,nil,nil,true},{c,294,21,24,e},{c,294,27,30,f},{C,295,5,18,R},{C,295,25,27,s},{A,303,1,31,5,E,u},{F,303,10,14,u,nil,nil,true},{c,303,21,24,e},{c,303,27,30,f},{C,304,19,28,O},{C,305,19,28,O},{C,307,19,34,G},{C,311,41,48,D},{C,311,60,67,D},{C,311,78,85,D},{C,312,9,19,I},{g,312,46,47},{v,315,1,4}},{},{4,27,0,26,57,2,0,41,56,16,77,10,35,31,27,31,61,11,23,31,56,46,29,43,12,63,11,7,12,3,0,77,25,19,20,37,40,10,49,41,38,39,0,73,41,22,24,80,42,21,25,72,36,21,22,24,75,37,21,22,25,7,0,16,27,45,22,49,11,0,33,0,43,59,7,0,15,3,0,77,25,37,37,40,10,38,25,73,33,21,7,0,16,27,33,43,59,7,0,15,3,0,66,50,41,10,30,46,46,0,35,34,0,50,3,0,66,51,41,10,29,42,27,40,3,0,95,11,58,36,60,41,70,10,38,46,46,0,39,37,0,18,38,50,45,8,0,24,0,52,51,0,49,28,65,28,40,15,40,12,42,49,11,0,8,7,3,0,58,41,70,10,37,42,19,0,39,0,15,44,24,28,11,8,44,7,3,0,16,15,16,0,10,34,10,34,10,34,10,34,10,34,10,34,10,33,0,11,75,10,32,40,3,11,80,10,32,40,3,11,81,10,32,40,3,11,78,10,32,40,3,11,86,10,32,40,3,11,89,10,32,40,3,11,29,10,32,40,3,0,9,8,9,0,10,38,10,37,10,36,0,11,74,10,32,27,3,11,73,10,32,26,3,11,69,10,32,27,3,0,15,14,15,0,77,23,24,10,35,0,11,77,10,31,34,3,0,11,42,55,53,10,31,46,46,0,58,0,20,79,103,47,7,0,4,3},{w,w,w,w,w,[8]=w,[9]=w,[10]=w,[11]=w,[12]=w,[32]=w,[33]=w,[34]=w,[35]=w,[36]=w,[37]=w,[38]=w,[80]=w,[81]=w,[82]=w,[83]=w,[84]=w,[85]=w,[103]=w,[104]=w,[105]=w,[106]=w,[117]=w,[118]=w,[119]=w,[120]=w,[127]=w,[128]=w,[129]=w,[130]=w,[131]=w,[132]=w,[133]=w,[134]=w,[142]=w,[153]=w,[159]=w,[169]=w,[170]=w,[171]=w,[172]=w,[189]=w,[190]=w,[191]=w,[193]=w,[195]=w,[197]=w,[199]=w,[201]=w,[203]=w,[205]=w,[208]=w,[209]=w,[210]=w,[214]=w,[215]=w,[216]=w,[220]=w,[221]=w,[222]=w,[226]=w,[227]=w,[228]=w,[232]=w,[233]=w,[234]=w,[238]=w,[239]=w,[240]=w,[244]=w,[245]=w,[246]=w,[251]=w,[252]=w,[253]=w,[255]=w,[257]=w,[259]=w,[262]=w,[263]=w,[264]=w,[268]=w,[269]=w,[270]=w,[274]=w,[275]=w,[276]=w,[281]=w,[282]=w,[283]=w,[285]=w,[286]=w,[287]=w,[288]=w,[291]=w,[292]=w,[293]=w,[298]=w,[299]=w,[300]=w,[301]=w,[302]=w,[310]=w}}
f:\dropbox\proj\code\dev\plume\plume\plume-data\engine\vm\call.lua
1781427561
local A,B,C,D,E,F,G,H,I,J,K,L,M,N,O,P,Q,R,S,T,U,V,W,X,Y,Z="561","_PUSH_CALLSTACK","113","function","111","_POP_CALLSTACK","table","CONCAT_CALL","_STACK_POP","_STACK_PUSH","_PUSH_SELF","_CALL_MACRO","611","_ERROR","CONCAT_TABLE","_INJECTION_PUSH","_GET_TYPE","_STACK_POP_FRAME","RETURN","212","JUMP","HOST_NEXT","_STACK_GET","614","HOST_UPDATE","comment";return {{{A,1,1,1,1,"main_chunk"},{A,12,1,41,2,D,B},{E,12,10,24,B,nil,nil,true},{C,13,5,9,G,{"insert"}},{C,15,9,14,N},{A,22,1,27,3,D,F},{E,22,10,23,F,nil,nil,true},{C,23,18,22,G,{"remove"}},{C,26,24,33,I},{C,31,9,19,J},{A,42,1,37,25,D,H},{E,42,10,20,H,nil,nil,true},{C,43,20,29,I},{C,44,15,23,Q},{C,63,13,22,K},{C,66,9,19,L},{C,67,9,19,J},{C,71,13,22,K},{C,74,9,19,L},{C,75,9,19,J},{C,79,9,20,O},{C,80,9,23,B},{M,81,1,8},{C,83,13,22,I},{C,85,13,22,W},{M,90,1,12},{M,94,1,12},{C,95,13,23,J},{C,97,17,31,P},{C,99,17,30,F},{C,102,13,18,N},{C,107,22,33,O},{C,109,13,18,N},{M,111,1,8},{C,112,9,23,B},{C,113,9,23,P},{C,117,9,20,O},{C,118,9,18,I},{C,119,9,19,J},{C,123,9,20,O},{C,128,23,32,I},{C,129,9,24,R},{C,130,9,19,J},{C,132,9,23,P},{C,135,23,39,"_STACK_GET_FRAMED"},{C,136,24,32,Q},{C,139,13,18,N},{C,139,24,29,"string",{"format"}},{C,146,9,19,J},{C,150,9,23,P},{C,151,9,23,P},{C,152,9,23,P},{C,154,9,23,P},{C,156,9,14,N},{A,164,1,50,8,D,L},{E,164,10,20,L,nil,nil,true},{C,166,9,14,N},{"311",172,13,27,"allocationCount"},{M,174,1,8},{C,175,9,19,"ENTER_SCOPE"},{C,178,86,98,"_CONCAT_TABLE"},{C,186,13,18,N},{C,192,13,18,N},{C,198,13,18,N},{C,202,17,33,"_STACK_SET_FRAMED"},{C,205,13,27,B},{C,206,13,28,R},{C,207,13,23,J},{C,208,13,16,U},{X,208,72,73},{A,215,1,31,1,D,S},{E,215,10,15,S,nil,nil,true},{T,215,21,24,"arg1"},{T,215,27,30,"arg2"},{C,216,5,15,"LEAVE_SCOPE"},{C,217,5,14,I},{C,218,5,18,F},{C,219,5,8,U},{C,219,17,26,I},{A,224,1,22,4,D,V},{E,224,10,18,V,nil,nil,true},{C,225,21,30,I},{C,226,21,30,W},{C,231,9,14,N},{X,239,65,69},{C,240,13,27,P},{C,241,13,27,P},{A,251,1,24,6,D,Y},{E,251,10,20,Y,nil,nil,true},{C,252,21,30,W},{C,256,9,14,N},{C,258,9,17,"BEGIN_ACC"},{"213",259,13,13,"_"},{C,259,25,30,"ipairs"},{C,260,13,23,J},{C,263,9,19,J},{M,264,1,8},{C,265,9,23,P},{C,266,9,23,P},{C,267,9,23,P},{C,269,9,22,F},{C,270,9,18,I},{C,271,9,19,J}},{},{4,27,0,26,57,2,0,49,45,38,10,41,94,38,51,7,3,0,33,45,10,27,51,0,30,51,51,47,39,40,49,7,3,0,11,44,41,85,43,30,10,37,47,35,14,0,63,24,70,25,47,27,58,25,43,27,11,7,0,12,25,20,32,11,0,49,44,0,30,20,32,11,0,55,57,0,57,31,24,44,8,59,41,23,41,17,9,0,23,12,33,33,15,12,49,28,67,16,34,15,12,30,11,0,34,31,37,76,114,11,8,44,48,0,26,30,24,51,51,0,55,44,24,0,58,45,0,50,42,44,71,61,0,46,60,43,0,82,102,11,0,25,51,71,32,44,0,53,45,83,58,84,0,70,8,54,7,3,0,45,49,26,10,50,59,93,8,0,82,0,36,49,11,8,67,0,68,99,15,39,35,32,9,0,42,53,22,68,42,14,62,53,22,30,42,14,32,76,12,98,40,99,15,0,44,83,79,73,11,7,3,0,11,10,31,46,35,22,81,3,0,11,10,22,48,48,0,52,0,23,26,49,56,79,26,39,28,62,69,57,101,12,29,23,11,7,3,0,11,10,24,48,0,49,23,26,38,27,68,48,11,0,61,8,59,59,59,8,26,36,71,7,3},{Z,Z,Z,Z,Z,[8]=Z,[9]=Z,[10]=Z,[11]=Z,[19]=Z,[20]=Z,[21]=Z,[35]=Z,[36]=Z,[37]=Z,[38]=Z,[39]=Z,[40]=Z,[41]=Z,[47]=Z,[60]=Z,[77]=Z,[105]=Z,[115]=Z,[118]=Z,[121]=Z,[125]=Z,[131]=Z,[142]=Z,[145]=Z,[148]=Z,[149]=Z,[154]=Z,[160]=Z,[161]=Z,[162]=Z,[163]=Z,[175]=Z,[177]=Z,[200]=Z,[206]=Z,[207]=Z,[208]=Z,[213]=Z,[214]=Z,[216]=Z,[219]=Z,[222]=Z,[223]=Z,[232]=Z,[233]=Z,[234]=Z,[237]=Z,[238]=Z,[239]=Z,[241]=Z,[249]=Z,[250]=Z}}
f:\dropbox\proj\code\dev\plume\plume\plume-data\engine\vm\closures.lua
1778761541
local A,B,C,D,E,F,G,H,I,J,K,L,M,N,O,P,Q,R,S="561","_UPVALUE_OFFSET","function","111","OPEN_UPVALUE","113","OPEN_REF_UPVALUE","212","arg1","CLOSE_UPVALUE","CLOSE_REF_UPVALUE","arg2","_STACK_POP","table","LOAD_UPVALUE","_STACK_GET","STORE_UPVALUE","CLOSURE","comment";return {{{A,1,1,1,1,"main_chunk"},{A,9,1,54,2,C,B},{D,9,10,24,B,nil,nil,true},{F,10,9,25,"_STACK_GET_OFFSET"},{A,16,1,38,1,C,E},{D,16,10,21,E,nil,nil,true},{H,16,28,31,I},{F,17,18,32,B},{A,26,1,42,2,C,G},{D,26,10,25,G,nil,nil,true},{H,26,32,35,I},{H,26,38,41,L},{F,27,14,23,M},{F,32,3,7,N,{"insert"}},{A,40,1,39,1,C,J},{D,40,10,22,J,nil,nil,true},{H,40,29,32,I},{F,41,18,32,B},{A,53,1,43,2,C,K},{D,53,10,26,K,nil,nil,true},{H,53,33,36,I},{H,53,39,42,L},{F,54,14,23,M},{F,55,14,23,P},{F,56,18,22,N,{"remove"}},{A,69,1,38,1,C,O},{D,69,10,21,O,nil,nil,true},{H,69,28,31,I},{F,70,18,27,P},{F,71,2,12,"_STACK_PUSH"},{A,76,1,39,1,C,Q},{D,76,10,22,Q,nil,nil,true},{H,76,29,32,I},{F,77,18,27,P},{F,78,38,47,M},{A,83,1,33,6,C,R},{D,83,10,16,R,nil,nil,true},{H,83,23,26,I},{H,83,29,32,L},{F,84,16,25,P},{F,91,3,12,"_STACK_SET"},{F,91,32,41,"_STACK_POS"},{"213",92,7,7,"_"},{F,92,26,31,"ipairs"},{F,95,15,24,P},{F,101,26,37,"_GET_REF_POS"},{F,104,20,34,B},{"612",105,36,36}},{},{4,27,0,26,57,2,0,10,54,93,3,0,11,28,10,38,42,26,31,20,2,3,0,11,10,42,41,0,32,0,27,43,5,32,4,3,0,11,10,39,42,38,47,0,28,22,0,28,3,0,11,10,43,41,81,49,0,28,24,0,33,26,4,3,0,11,28,10,38,54,65,3,0,11,10,39,54,65,3,0,11,10,33,43,28,24,20,17,16,3,74,50,16,36,72,40,79,28,28,37,85,7,7,90,36,6,55,5,4,3},{S,S,S,S,S,[8]=S,[13]=S,[14]=S,[15]=S,[24]=S,[25]=S,[38]=S,[39]=S,[51]=S,[52]=S,[55]=S,[66]=S,[67]=S,[68]=S,[74]=S,[75]=S,[81]=S,[82]=S}}
f:\dropbox\proj\code\dev\plume\plume\plume-data\engine\vm\context.lua
1781419521
local A,B,C,D,E,F,G,H,I,J,K,L,M,N,O,P,Q="561","CREATE_CONTEXT","212","113","function","111","PUSH_CONTEXT","arg1","arg2","_STACK_POP","_STACK_PUSH","POP_CONTEXT","213","_","ipairs","LOAD_CONTEXT","comment";return {{{A,1,1,1,1,"main_chunk"},{A,10,1,39,1,E,B},{F,10,10,23,B,nil,nil,true},{C,10,29,32,H},{C,10,35,38,I},{D,11,23,32,J},{D,12,5,15,K},{A,17,1,37,4,E,G},{F,17,10,21,G,nil,nil,true},{C,17,27,30,H},{C,17,33,36,I},{D,18,20,29,J},{D,21,5,15,K},{M,22,9,9,N},{D,22,19,24,O},{D,25,12,15,"type"},{D,26,13,18,"_ERROR"},{D,29,13,17,"table",{"insert"}},{"612",30,12,12},{A,36,1,36,2,E,L},{F,36,10,20,L,nil,nil,true},{C,36,26,29,H},{C,36,32,35,I},{D,37,19,28,J},{M,38,9,9,N},{D,38,19,24,O},{A,45,1,37,1,E,P},{F,45,10,21,P,nil,nil,true},{C,45,27,30,H},{C,45,33,36,I},{D,46,21,30,J},{D,47,21,30,J},{D,48,5,15,K},{D,48,35,47,"_LOAD_CONTEXT"}},{},{4,27,0,26,57,2,0,11,10,39,50,69,3,0,11,10,37,47,0,20,48,40,39,0,61,60,12,27,36,12,7,3,0,11,10,36,54,34,17,7,3,0,11,10,37,48,48,74,3},{Q,Q,Q,Q,Q,[8]=Q,[9]=Q,[15]=Q,[16]=Q,[34]=Q,[35]=Q,[43]=Q,[44]=Q}}
f:\dropbox\proj\code\dev\plume\plume\plume-data\engine\vm\core.lua
1781419521
local A,B,C,D,E,F,G,H,I,J,K,L,M,N,O,P="561","_VM_INIT","113","function","_VM_INIT_VARS","111","table","new","bit","lshift","611","_STAT_REGISTER","_VM_TICK","_VM_DECODE_CURRENT_INSTRUCTION","612","comment";return {{{A,1,1,1,1,"main_chunk"},{A,14,1,57,4,D,B},{F,14,10,17,B,nil,nil,true},{K,16,1,4},{C,20,5,17,E},{C,25,27,31,"pairs"},{C,28,17,21,G,{"insert"}},{A,39,1,42,3,D,E},{F,39,10,22,E,nil,nil,true},{C,62,35,39,G,{H}},{C,63,35,39,G,{H}},{C,67,39,43,G,{H}},{C,68,39,43,G,{H}},{C,71,37,41,G,{H}},{C,73,39,43,G,{H}},{C,76,20,24,G,{H}},{C,80,21,25,G,{H}},{C,83,33,37,G,{H}},{C,86,19,23,G,{H}},{C,97,37,41,G,{H}},{C,99,60,64,G,{H}},{C,100,36,40,G,{H}},{C,119,21,23,I,{J}},{C,120,21,23,I,{J}},{C,121,21,23,I,{J}},{C,122,21,23,I,{"band"}},{C,123,21,23,I,{"rshift"}},{K,130,1,8},{A,139,1,31,2,D,L},{F,139,10,23,L,nil,nil,true},{A,149,1,22,2,D,M},{F,149,10,17,M,nil,nil,true},{A,161,1,43,4,D,N},{F,161,10,39,N,nil,nil,true},{C,163,8,18,"_CAN_INJECT"},{C,164,26,39,"_INJECTION_POP"},{O,165,9,12},{C,166,9,16,M},{O,175,27,30},{C,178,9,22,L}},{},{4,27,0,26,57,2,0,20,19,19,22,49,15,57,31,4,33,34,0,37,0,25,26,26,50,54,26,73,15,11,7,0,27,3,0,28,49,15,42,36,38,30,35,39,41,45,35,36,40,38,32,0,26,35,36,0,26,33,30,18,0,52,51,35,35,0,56,55,39,39,54,0,55,39,0,36,34,28,0,37,29,0,48,33,0,36,0,23,0,41,18,0,22,33,0,14,53,37,76,52,36,0,11,16,27,27,27,27,27,0,29,28,29,36,38,38,32,47,49,51,51,28,30,31,0,23,32,21,47,8,36,27,52,7,21,3,0,27,31,21,72,23,80,3,0,31,52,15,22,21,23,55,8,23,7,21,3,0,50,15,43,24,27,43,12,20,40,66,70,44,7,0,23,25,30,7,32,30,7,21,0,25,3},{P,P,P,P,P,[8]=P,[9]=P,[10]=P,[11]=P,[12]=P,[13]=P,[15]=P,[17]=P,[18]=P,[22]=P,[33]=P,[36]=P,[37]=P,[38]=P,[40]=P,[41]=P,[42]=P,[43]=P,[44]=P,[45]=P,[46]=P,[47]=P,[48]=P,[49]=P,[50]=P,[51]=P,[57]=P,[59]=P,[90]=P,[93]=P,[96]=P,[103]=P,[111]=P,[112]=P,[113]=P,[124]=P,[126]=P,[129]=P,[131]=P,[135]=P,[138]=P,[140]=P,[142]=P,[146]=P,[147]=P,[148]=P,[152]=P,[159]=P,[160]=P,[173]=P,[180]=P}}
f:\dropbox\proj\code\dev\plume\plume\plume-data\engine\vm\injection.lua
1778761541
local A,B,C,D,E,F,G,H,I,J,K="561","_INJECTION_POP","113","_STACK_POP","function","111","_INJECTION_PUSH","_STACK_PUSH","_CAN_INJECT","_STACK_POS","comment";return {{{A,1,1,1,1,"main_chunk"},{A,11,1,27,1,E,B},{F,11,10,23,B,nil,nil,true},{C,12,2,11,D},{C,13,15,24,D},{C,14,15,24,D},{C,15,15,24,D},{A,25,1,44,1,E,G},{F,25,10,24,G,nil,nil,true},{C,26,2,12,H},{C,27,2,12,H},{C,28,2,12,H},{C,29,2,12,H},{C,29,37,46,J},{A,34,1,24,2,E,I},{F,34,10,20,I,nil,nil,true},{C,35,43,52,"_STACK_GET"},{C,35,80,89,J}},{},{4,27,0,26,57,2,0,52,34,10,27,44,47,47,47,22,3,0,48,20,22,22,15,10,44,39,41,41,66,3,0,68,10,24,108,3},{K,K,K,K,K,[8]=K,[9]=K,[10]=K,[12]=K,[19]=K,[20]=K,[21]=K,[22]=K,[23]=K,[24]=K,[32]=K,[33]=K}}
f:\dropbox\proj\code\dev\plume\plume\plume-data\engine\vm\iter.lua
1778761541
local A,B,C,D,E,F,G,H,I,J,K,L,M,N,O,P,Q,R="561","GET_ITER","212","113","611","_STACK_PUSH","function","111","FOR_ITER","arg1","_STACK_GET_FRAMED","BEGIN_ACC","_PUSH_SELF","_INJECTION_PUSH","JUMP_FOR","_STACK_POP","JUMP","comment";return {{{A,1,1,1,1,"main_chunk"},{A,15,1,34,11,G,B},{H,15,10,17,B,nil,nil,true},{C,15,24,27,J},{C,15,30,33,"arg2"},{D,16,17,26,P},{D,17,18,26,"_GET_TYPE"},{E,18,1,4},{E,28,1,8},{D,48,9,14,"_ERROR"},{D,54,9,19,F},{D,55,9,19,F},{D,57,13,21,L},{D,58,13,22,M},{D,59,13,23,F},{D,60,13,27,N},{D,62,13,23,F},{A,77,1,34,15,G,I},{H,77,10,17,I,nil,nil,true},{C,77,24,27,J},{D,78,19,35,K},{D,79,19,35,K},{D,80,19,35,K},{D,113,19,26,"tonumber"},{D,133,13,21,L},{D,134,13,22,M},{D,135,13,23,F},{D,138,13,27,N},{D,139,13,27,N},{D,142,9,13,"error"},{D,142,15,20,"string",{"format"}},{D,147,9,25,"_STACK_SET_FRAMED"},{D,150,13,16,Q},{D,152,13,23,F},{A,162,1,34,2,G,O},{H,162,10,17,O,nil,nil,true},{C,162,24,27,J},{D,163,18,27,"_STACK_GET"},{D,164,12,22,"_CHECK_BOOL"},{D,165,9,18,P},{D,166,9,12,Q}},{},{4,27,0,26,57,2,0,11,51,92,46,35,47,10,34,44,35,4,38,19,27,35,22,12,38,11,0,8,20,43,44,44,28,44,32,15,38,12,29,37,11,0,37,19,23,34,8,59,7,0,23,81,21,43,53,52,31,31,47,63,12,48,11,0,23,7,21,0,44,3,0,11,34,35,45,10,34,63,63,63,0,22,38,23,0,28,29,12,31,11,40,32,32,29,12,26,11,42,23,0,38,29,12,33,45,35,50,11,42,23,0,25,50,31,15,11,0,37,29,12,33,45,49,60,11,43,40,39,36,12,23,0,31,31,47,0,0,63,63,11,8,60,7,0,20,48,60,0,34,30,12,49,11,7,3,0,11,43,20,27,10,34,45,38,36,25,7,3,0},{R,R,R,R,R,[8]=R,[9]=R,[10]=R,[11]=R,[12]=R,[13]=R,[14]=R,[51]=R,[52]=R,[53]=R,[55]=R,[56]=R,[65]=R,[67]=R,[69]=R,[72]=R,[73]=R,[74]=R,[75]=R,[76]=R,[104]=R,[121]=R,[146]=R,[157]=R,[158]=R,[159]=R,[160]=R,[161]=R}}
f:\dropbox\proj\code\dev\plume\plume\plume-data\engine\vm\jump.lua
1778761541
local A,B,C,D,E,F,G,H,I,J,K,L,M,N,O,P,Q="561","JUMP","function","111","JUMP_IF_NOT","212","arg1","113","JUMP_IF","_STACK_POP","_CHECK_BOOL","JUMP_IF_PEEK","JUMP_IF_NOT_PEEK","_STACK_GET","JUMP_IF_EMPTY","JUMP_IF_NOT_EMPTY","comment";return {{{A,1,1,1,1,"main_chunk"},{A,12,1,30,1,C,B},{D,12,10,13,B,nil,nil,true},{F,12,20,23,G},{A,20,1,37,2,C,E},{D,20,10,20,E,nil,nil,true},{F,20,27,30,G},{H,21,18,27,J},{H,22,12,22,K},{A,31,1,33,2,C,I},{D,31,10,16,I,nil,nil,true},{F,31,23,26,G},{H,32,18,27,J},{H,33,8,18,K},{A,42,1,38,2,C,L},{D,42,10,21,L,nil,nil,true},{F,42,28,31,G},{H,43,18,27,N},{H,44,8,18,K},{A,53,1,42,2,C,M},{D,53,10,25,M,nil,nil,true},{F,53,32,35,G},{H,54,18,27,N},{H,55,12,22,K},{A,65,1,39,2,C,O},{D,65,10,22,O,nil,nil,true},{F,65,29,32,G},{H,66,18,27,J},{A,76,1,43,2,C,P},{D,76,10,26,P,nil,nil,true},{F,76,33,36,G},{H,77,18,27,J}},{},{4,27,0,26,57,2,0,11,31,27,10,30,18,3,0,11,55,27,10,37,45,38,22,7,3,0,11,54,27,10,33,45,34,22,7,3,0,11,52,27,10,38,45,34,22,7,3,0,11,53,27,10,42,45,38,22,7,3,0,0,11,55,27,10,39,45,28,22,7,3,0,11,74,27,10,43,45,28,22,7,3},{Q,Q,Q,Q,Q,[8]=Q,[9]=Q,[10]=Q,[11]=Q,[16]=Q,[17]=Q,[18]=Q,[19]=Q,[27]=Q,[28]=Q,[29]=Q,[30]=Q,[38]=Q,[39]=Q,[40]=Q,[41]=Q,[49]=Q,[50]=Q,[51]=Q,[52]=Q,[61]=Q,[62]=Q,[63]=Q,[64]=Q,[72]=Q,[73]=Q,[74]=Q,[75]=Q}}
f:\dropbox\proj\code\dev\plume\plume\plume-data\engine\vm\load.lua
1778761541
local A,B,C,D,E,F,G,H,I,J,K,L,M,N,O="561","LOAD_CONSTANT","113","function","111","LOAD_LOCAL","_STACK_PUSH","LOAD_REF","212","LOAD_TRUE","arg1","arg2","LOAD_FALSE","LOAD_EMPTY","comment";return {{{A,1,1,1,1,"main_chunk"},{A,12,1,39,2,D,B},{E,12,10,22,B,nil,nil,true},{I,12,29,32,K},{C,20,9,14,"_ERROR"},{C,24,5,15,G},{A,32,1,36,1,D,F},{E,32,10,19,F,nil,nil,true},{C,33,5,15,G},{"612",33,20,20},{C,35,9,25,"_STACK_GET_FRAMED"},{A,44,1,34,2,D,H},{E,44,10,17,H,nil,nil,true},{I,44,30,33,L},{C,45,17,26,"_STACK_POP"},{C,46,17,28,"_GET_REF_POS"},{C,49,9,19,G},{C,49,39,48,"_STACK_GET"},{C,51,9,19,G},{A,58,1,35,1,D,J},{E,58,10,18,J,nil,nil,true},{I,58,25,28,K},{I,58,31,34,L},{C,59,5,15,G},{A,65,1,36,1,D,M},{E,65,10,19,M,nil,nil,true},{I,65,26,29,K},{I,65,32,35,L},{C,66,5,15,G},{A,72,1,36,1,D,N},{E,72,10,19,N,nil,nil,true},{I,72,26,29,K},{I,72,32,35,L},{C,73,5,15,G}},{},{4,27,0,26,57,2,0,11,36,31,10,39,29,15,29,36,0,23,24,52,7,21,0,40,3,0,11,26,28,31,10,36,20,21,64,5,3,0,11,18,44,28,10,34,44,43,0,15,72,8,57,7,3,0,11,19,10,35,39,3,0,11,20,10,36,40,3,0,11,20,10,36,43,3},{O,O,O,O,O,[8]=O,[9]=O,[10]=O,[11]=O,[13]=O,[14]=O,[15]=O,[18]=O,[22]=O,[27]=O,[28]=O,[29]=O,[30]=O,[31]=O,[39]=O,[40]=O,[41]=O,[42]=O,[43]=O,[55]=O,[56]=O,[57]=O,[62]=O,[63]=O,[64]=O,[69]=O,[70]=O,[71]=O}}
f:\dropbox\proj\code\dev\plume\plume\plume-data\engine\vm\meta.lua
1781435395
local A,B,C,D,E,F="561","_META_CHECK","function","_META_CHECK_NAME","111","comment";return {{{A,1,1,1,1,"main_chunk"},{A,13,1,36,12,C,B},{E,13,10,20,B,nil,nil,true},{"113",49,10,25,D},{A,56,1,35,2,C,D},{E,56,10,25,D,nil,nil,true}},{},{4,27,0,26,57,2,0,36,54,38,31,10,36,42,24,23,0,53,0,25,36,21,25,46,25,5,4,36,21,25,5,4,35,21,25,5,4,0,27,58,61,56,4,5,49,68,5,5,35,4,0,12,3,0,10,35,38,13,5,65,4,3},{F,F,F,F,F,[8]=F,[9]=F,[10]=F,[11]=F,[12]=F,[18]=F,[45]=F,[55]=F}}
f:\dropbox\proj\code\dev\plume\plume\plume-data\engine\vm\others.lua
1778761541
local A,B,C,D,E,F,G,H,I,J,K,L="561","SWITCH","212","113","_STACK_POP","_STACK_PUSH","function","111","DUPLICATE","arg1","arg2","comment";return {{{A,1,1,1,1,"main_chunk"},{A,11,1,32,1,G,B},{H,11,10,15,B,nil,nil,true},{C,11,22,25,J},{C,11,28,31,K},{D,12,15,24,E},{D,13,15,24,E},{D,14,5,15,F},{D,15,5,15,F},{"611",16,1,4},{A,22,1,35,1,G,I},{H,22,10,18,I,nil,nil,true},{C,22,25,28,J},{C,22,31,34,K},{D,23,5,15,F},{D,23,35,44,"_STACK_GET"}},{},{4,27,0,26,57,2,0,11,31,10,32,42,42,36,36,4,3,0,11,32,10,35,63,3},{L,L,L,L,L,[8]=L,[9]=L,[10]=L,[19]=L,[20]=L,[21]=L}}
f:\dropbox\proj\code\dev\plume\plume\plume-data\engine\vm\scope.lua
1781419521
local A,B,C,D,E,F,G,H,I,J,K,L,M,N,O,P,Q="561","ENTER_SCOPE","113","_STACK_PUSH","function","111","LEAVE_SCOPE","212","RETURN_FILE","arg1","arg2","_STACK_POS","_STACK_POP","FILE_INIT_PARAMS","213","RAISE","comment";return {{{A,1,1,1,1,"main_chunk"},{A,13,1,37,2,E,B},{F,13,10,20,B,nil,nil,true},{C,14,5,15,D},{"612",14,20,20},{C,16,9,18,L},{"611",18,1,4},{O,19,9,9,"i"},{C,20,9,19,D},{A,27,1,37,1,E,G},{F,27,10,20,G,nil,nil,true},{H,27,27,30,J},{H,27,33,36,K},{C,28,5,20,"_STACK_POP_FRAME"},{A,33,1,36,2,E,I},{F,33,10,20,I,nil,nil,true},{H,33,26,29,J},{H,33,32,35,K},{C,34,5,15,G},{C,35,5,14,M},{C,36,5,18,"_POP_CALLSTACK"},{C,38,8,17,L},{C,39,9,23,"_INJECTION_PUSH"},{C,41,9,12,"JUMP"},{C,41,21,30,M},{A,47,1,41,3,E,N},{F,47,10,25,N,nil,nil,true},{H,47,31,34,J},{H,47,37,40,K},{O,50,13,13,"_"},{C,50,30,35,"ipairs"},{C,51,13,29,"_STACK_SET_FRAMED"},{A,59,1,30,1,E,P},{F,59,10,14,P,nil,nil,true},{H,59,20,23,J},{H,59,26,29,K},{C,60,17,26,M},{C,61,5,10,"_ERROR"}},{},{4,27,0,26,57,2,0,11,57,64,48,10,37,20,32,51,5,4,27,51,7,3,0,11,17,10,37,42,3,0,11,10,36,19,32,22,0,45,81,8,85,7,3,0,11,10,41,32,18,46,93,11,27,7,3,0,11,10,30,44,20,3},{Q,Q,Q,Q,Q,[8]=Q,[9]=Q,[10]=Q,[11]=Q,[12]=Q,[24]=Q,[25]=Q,[26]=Q,[31]=Q,[32]=Q,[39]=Q,[41]=Q,[45]=Q,[46]=Q,[57]=Q,[58]=Q}}
f:\dropbox\proj\code\dev\plume\plume\plume-data\engine\vm\stack.lua
1778761541
local A,B,C,D,E,F,G,H,I,J,K,L,M,N,O,P,Q,R,S,T="614","561","_STACK_GET","612","function","111","_STACK_GET_OFFSET","113","_ERROR","_STACK_SET","_STACK_POS","212","vm","_STACK_POP","_STACK_PUSH","_STACK_MOVE","_STACK_POP_FRAME","_STACK_SET_FRAMED","_STACK_GET_FRAMED","comment";return {{{B,1,1,1,1,"main_chunk"},{A,8,40,41},{A,9,39,40},{A,10,40,41},{A,16,11,12},{B,17,1,39,3,E,C},{F,17,10,19,C,nil,nil,true},{D,17,38,39},{H,21,9,14,I},{D,25,4,5},{A,31,11,12},{B,32,1,47,2,E,G},{F,32,10,26,G,nil,nil,true},{D,32,46,47},{H,36,9,14,I},{D,40,4,5},{A,46,11,12},{B,47,1,46,1,E,J},{F,47,10,19,J,nil,nil,true},{L,47,21,22,M},{D,47,45,46},{D,48,22,23},{D,49,4,5},{A,54,11,12},{B,55,1,32,1,E,K},{F,55,10,19,K,nil,nil,true},{L,55,21,22,M},{D,55,31,32},{D,56,22,23},{D,57,4,5},{A,62,11,12},{B,63,1,32,2,E,N},{F,63,10,19,N,nil,nil,true},{D,63,31,32},{H,68,9,14,I},{D,72,4,5},{A,77,11,12},{B,78,1,40,2,E,O},{F,78,10,20,O,nil,nil,true},{D,78,39,40},{H,82,9,14,I},{D,85,30,31},{D,86,4,5},{A,91,11,12},{B,92,1,40,1,E,P},{F,92,10,20,P,nil,nil,true},{L,92,22,23,M},{D,92,39,40},{D,93,23,24},{D,94,4,5},{A,98,11,12},{B,99,1,38,1,E,Q},{F,99,10,25,Q,nil,nil,true},{D,99,37,38},{H,100,2,12,P},{H,100,25,34,N},{D,100,56,57},{D,101,4,5},{A,108,11,12},{B,109,1,67,3,E,R},{F,109,10,26,R,nil,nil,true},{D,109,66,67},{H,110,2,11,J},{D,110,16,18},{D,111,9,10},{H,112,3,19,G},{D,112,73,74},{D,113,8,9},{D,114,3,4},{D,115,4,5},{A,122,11,12},{B,123,1,60,3,E,S},{F,123,10,26,S,nil,nil,true},{D,123,59,60},{H,124,9,18,C},{D,125,9,10},{H,126,3,19,G},{D,126,74,75},{D,127,3,4}},{},{4,27,0,26,57,2,0,41,40,41,0,79,42,63,14,12,39,44,20,24,47,7,21,13,5,0,69,42,60,14,12,47,44,20,24,47,7,21,13,5,0,50,42,46,39,12,46,23,5,0,54,42,18,12,32,23,5,0,31,42,14,12,32,34,39,20,24,47,7,21,13,5,0,34,42,38,12,40,34,20,24,47,4,21,31,5,0,60,42,49,12,40,24,5,0,86,42,12,38,57,5,0,52,42,76,79,39,12,67,18,10,74,9,4,5,0,57,42,76,79,14,12,60,22,10,75,4,3},{T,T,T,T,T,[8]=T,[9]=T,[10]=T,[12]=T,[13]=T,[14]=T,[15]=T,[16]=T,[19]=T,[23]=T,[27]=T,[28]=T,[29]=T,[30]=T,[31]=T,[34]=T,[38]=T,[42]=T,[43]=T,[44]=T,[45]=T,[46]=T,[51]=T,[52]=T,[53]=T,[54]=T,[59]=T,[60]=T,[61]=T,[62]=T,[66]=T,[70]=T,[74]=T,[75]=T,[76]=T,[77]=T,[80]=T,[84]=T,[88]=T,[89]=T,[90]=T,[91]=T,[96]=T,[97]=T,[98]=T,[103]=T,[104]=T,[105]=T,[106]=T,[107]=T,[108]=T,[117]=T,[118]=T,[119]=T,[120]=T,[121]=T,[122]=T}}
f:\dropbox\proj\code\dev\plume\plume\plume-data\engine\vm\std.lua
1781427478
local A,B,C,D,E,F,G,H,I,J,K,L,M,N,O,P,Q,R,S,T,U,V="561","_ASSERT_STD_TYPE","113","function","111","STD_LEN","212","_GET_TYPE","_ERROR","STD_TYPE","arg1","arg2","_STACK_POP","_STACK_PUSH","_POP_CALLSTACK","STD_SEQ","tonumber","STD_ITEMS","611","STD_ENUMERATE","STD_IMPORT","comment";return {{{A,1,1,1,1,"main_chunk"},{A,15,1,76,4,D,B},{E,15,10,25,B,nil,nil,true},{C,16,15,23,H},{C,22,13,18,I},{A,33,1,32,4,D,F},{E,33,10,16,F,nil,nil,true},{G,33,22,25,K},{G,33,28,31,L},{C,34,12,21,M},{C,35,13,21,H},{C,43,9,14,I},{C,49,9,19,N},{C,54,5,18,O},{A,59,1,33,1,D,J},{E,59,10,17,J,nil,nil,true},{G,59,23,26,K},{G,59,29,32,L},{C,60,15,24,M},{C,61,5,15,N},{C,61,35,43,H},{C,63,5,18,O},{A,68,1,32,3,D,P},{E,68,10,16,P,nil,nil,true},{G,68,22,25,K},{G,68,28,31,L},{C,71,18,27,M},{C,72,19,26,Q},{C,73,19,26,Q},{C,74,19,26,Q},{C,76,5,20,B},{S,82,1,4},{C,83,5,20,B},{C,84,5,20,B},{C,86,13,20,Q},{C,87,12,19,Q},{C,89,5,15,N},{C,97,5,18,O},{A,102,1,34,1,D,R},{E,102,10,18,R,nil,nil,true},{G,102,24,27,K},{G,102,30,33,L},{C,103,18,27,M},{S,104,1,4},{C,105,5,20,B},{C,107,5,15,N},{C,114,5,18,O},{A,119,1,38,1,D,T},{E,119,10,22,T,nil,nil,true},{G,119,28,31,K},{G,119,34,37,L},{C,120,18,27,M},{C,122,5,20,B},{C,124,5,15,N},{C,130,5,18,O},{A,135,1,35,7,D,U},{E,135,10,19,U,nil,nil,true},{G,135,25,28,K},{G,135,31,34,L},{C,136,18,27,M},{C,142,23,38,B},{C,160,27,28,"io",{"open"}},{C,163,32,36,"pcall"},{"213",170,21,21,"_"},{C,170,31,36,"ipairs"},{C,173,25,29,"table",{"insert"}},{C,178,17,27,N},{C,179,17,27,N},{C,181,17,31,"_INJECTION_PUSH"},{C,183,17,22,I},{C,186,13,18,I}},{},{4,27,0,26,57,2,0,0,47,0,16,19,24,10,76,34,25,26,30,27,15,54,83,14,11,20,7,15,3,0,11,10,32,48,28,16,0,22,25,30,19,8,47,7,0,23,81,21,45,23,7,21,0,22,3,0,11,10,33,51,51,0,22,3,0,11,10,32,66,0,51,35,35,40,0,62,0,20,20,17,7,4,62,62,0,27,25,0,35,29,68,18,18,31,6,0,22,3,0,11,10,34,51,4,66,0,35,29,23,34,27,6,0,22,3,0,11,10,38,51,0,70,0,35,29,22,33,6,0,22,3,0,11,10,35,45,0,50,83,0,0,107,0,21,67,26,18,23,26,24,9,0,24,32,21,52,29,65,0,43,45,25,93,50,15,27,51,34,0,50,62,34,91,23,19,0,42,59,57,68,71,16,31,15,12,75,11,7,0,44,3},{V,V,V,V,V,[9]=V,[11]=V,[12]=V,[13]=V,[14]=V,[31]=V,[32]=V,[46]=V,[47]=V,[48]=V,[50]=V,[52]=V,[57]=V,[58]=V,[66]=V,[67]=V,[91]=V,[100]=V,[101]=V,[117]=V,[118]=V,[133]=V,[134]=V,[167]=V,[177]=V,[180]=V,[190]=V}}
f:\dropbox\proj\code\dev\plume\plume\plume-data\engine\vm\store.lua
1778761541
local A,B,C,D,E,F,G,H,I,J,K="561","STORE_LOCAL","113","function","111","STORE_VOID","212","_STACK_POP","STORE_REF","arg2","comment";return {{{A,1,1,1,1,"main_chunk"},{A,14,1,37,1,D,B},{E,14,10,20,B,nil,nil,true},{C,15,5,21,"_STACK_SET_FRAMED"},{"612",15,26,26},{C,19,9,18,H},{A,27,1,36,1,D,F},{E,27,10,19,F,nil,nil,true},{G,27,26,29,"arg1"},{G,27,32,35,J},{C,28,5,14,H},{A,36,1,35,1,D,I},{E,36,10,18,I,nil,nil,true},{G,36,31,34,J},{C,37,19,28,H},{C,38,19,28,H},{C,40,5,14,"_STACK_SET"},{C,40,34,45,"_GET_REF_POS"}},{},{4,27,0,26,57,2,0,11,21,31,28,31,10,37,26,25,15,14,36,5,3,0,11,34,40,10,36,32,3,0,11,25,44,28,10,35,46,46,0,68,3},{K,K,K,K,K,[8]=K,[9]=K,[10]=K,[11]=K,[12]=K,[13]=K,[23]=K,[24]=K,[25]=K,[26]=K,[31]=K,[32]=K,[33]=K,[34]=K,[35]=K}}
f:\dropbox\proj\code\dev\plume\plume\plume-data\engine\vm\table.lua
1781419521
local A,B,C,D,E,F,G,H,I,J,K,L,M,N,O,P,Q,R,S,T,U,V,W,X,Y,Z,a,b,c,d,e,f,g,h,i="561","TABLE_NEW","113","function","111","TAG_KEY","212","arg2","TAG_META_KEY","arg1","_STACK_GET","_STACK_POS","TABLE_SET_ACC","table","insert","_STACK_POP","TABLE_SET_META","TABLE_INDEX","_ERROR","tonumber","LOAD_EMPTY","_STACK_PUSH","_INJECTION_PUSH","TABLE_INDEX_CHECK_IS_NIL","_PUSH_SELF","CALL_INDEX_REGISTER_SELF","611","TABLE_SET","BEGIN_ACC","TABLE_EXPAND","_GET_TYPE","213","_","ipairs","comment";return {{{A,1,1,1,1,"main_chunk"},{A,12,1,35,1,D,B},{E,12,10,18,B,nil,nil,true},{G,12,31,34,H},{C,13,5,15,V},{C,13,35,39,N,{"new"}},{A,19,1,32,1,D,F},{E,19,10,16,F,nil,nil,true},{G,19,22,25,J},{G,19,28,31,H},{C,20,17,26,L},{A,27,1,37,2,D,I},{E,27,10,21,I,nil,nil,true},{G,27,27,30,J},{G,27,33,36,H},{C,28,18,27,K},{C,29,19,28,K},{C,29,48,57,L},{C,30,24,34,"_META_CHECK"},{C,32,9,14,S},{C,34,17,26,L},{A,43,1,39,1,D,M},{E,43,10,22,M,nil,nil,true},{G,43,29,32,J},{C,44,15,31,"_STACK_GET_FRAMED"},{a,45,1,4},{C,46,5,9,N,{O}},{C,46,21,30,P},{C,47,5,9,N,{O}},{C,47,21,30,P},{C,48,5,9,N,{O}},{A,55,1,40,1,D,Q},{E,55,10,23,Q,nil,nil,true},{G,55,30,33,J},{G,55,36,39,H},{C,56,19,28,P},{C,57,19,28,P},{C,58,19,28,P},{A,68,1,37,12,D,R},{E,68,10,20,R,nil,nil,true},{G,68,33,36,H},{C,69,17,26,P},{C,70,17,26,P},{C,71,11,18,T},{C,75,13,22,U},{C,77,13,18,S},{C,80,20,28,e},{C,82,16,23,T},{C,95,17,26,U},{C,97,17,22,S},{C,102,17,27,V},{C,105,21,30,U},{C,108,21,29,c},{C,109,21,31,V},{C,110,21,30,Y},{C,111,21,31,V},{C,112,21,35,W},{C,113,21,35,W},{C,115,21,26,S},{A,123,1,37,2,D,X},{E,123,10,33,X,nil,nil,true},{C,124,17,26,K},{C,126,8,13,S},{A,134,1,29,1,D,Y},{E,134,10,19,Y,nil,nil,true},{C,135,5,15,V},{C,136,5,15,V},{C,137,5,11,F},{A,144,1,50,1,D,Z},{E,144,10,33,Z,nil,nil,true},{G,144,40,43,J},{G,144,46,49,H},{C,145,15,24,P},{C,146,19,28,P},{a,147,1,4},{a,148,1,4},{C,149,5,15,V},{C,150,5,15,V},{C,151,5,11,F},{C,152,5,15,V},{C,153,5,15,V},{A,161,1,35,6,D,b},{E,161,10,18,b,nil,nil,true},{G,161,31,34,H},{C,165,17,26,P},{C,166,17,26,P},{C,167,17,26,P},{C,169,17,26,P},{C,170,17,26,P},{C,171,17,26,P},{C,174,11,18,T},{C,176,9,13,N,{O}},{"612",182,36,36},{C,185,13,23,V},{C,186,13,23,V},{C,189,13,21,c},{C,190,13,23,V},{C,191,13,23,V},{C,192,13,22,Y},{C,193,13,23,V},{C,195,13,27,W},{C,196,13,27,W},{A,210,1,38,5,D,d},{E,210,10,21,d,nil,nil,true},{G,210,28,31,J},{G,210,34,37,H},{C,211,16,25,P},{C,212,16,24,e},{f,214,13,13,g},{C,214,24,29,h},{C,215,13,23,V},{f,218,13,13,g},{C,218,23,28,h},{C,219,20,27,T},{C,220,17,27,V},{C,221,17,27,V},{C,222,17,23,F},{C,226,9,14,S}},{},{4,27,0,26,57,2,0,11,52,54,10,35,53,3,0,11,47,10,32,44,28,3,0,11,52,10,37,45,78,51,21,23,7,44,32,3,0,11,77,34,69,10,39,49,4,56,58,56,3,0,11,42,30,10,40,46,46,46,29,3,0,11,17,35,25,109,10,37,44,44,30,0,27,25,26,12,61,11,8,36,0,33,34,39,28,15,34,39,28,15,11,0,29,29,30,16,63,15,12,38,32,52,16,33,34,49,54,39,54,37,55,84,71,20,71,19,15,11,7,3,0,10,37,44,27,56,7,3,0,21,52,37,10,29,39,41,15,3,0,11,68,45,10,50,42,46,4,4,36,41,15,40,36,3,0,11,42,30,75,10,35,23,0,21,44,44,44,8,44,44,44,7,14,30,28,33,36,20,63,71,43,36,0,26,44,46,0,20,31,46,48,29,47,0,70,71,11,7,0,20,28,7,3,0,11,22,23,34,10,38,43,31,25,41,47,11,0,39,37,59,50,27,15,11,8,57,7,3},{i,i,i,i,i,[8]=i,[9]=i,[10]=i,[11]=i,[16]=i,[17]=i,[18]=i,[24]=i,[25]=i,[26]=i,[38]=i,[39]=i,[40]=i,[41]=i,[42]=i,[46]=i,[47]=i,[48]=i,[51]=i,[52]=i,[53]=i,[54]=i,[62]=i,[63]=i,[64]=i,[65]=i,[66]=i,[67]=i,[122]=i,[130]=i,[131]=i,[132]=i,[133]=i,[140]=i,[141]=i,[142]=i,[143]=i,[156]=i,[157]=i,[158]=i,[159]=i,[160]=i,[179]=i,[180]=i,[181]=i,[184]=i,[188]=i,[195]=i,[196]=i,[205]=i,[206]=i,[207]=i,[208]=i,[209]=i}}
f:\dropbox\proj\code\dev\plume\plume\plume-data\engine\vm\utils.lua
1778761541
local A,B,C,D,E,F,G,H,I,J,K,L="561","_GET_TYPE","113","type","function","111","_ERROR","_CHECK_BOOL","_GET_REF_POS","_STACK_POS","_STACK_GET","comment";return {{{A,1,1,1,1,"main_chunk"},{A,11,1,25,7,E,B},{F,11,10,18,B,nil,nil,true},{C,12,12,15,D},{C,12,77,80,D},{C,12,111,114,D},{A,19,1,25,5,E,G},{F,19,10,15,G,nil,nil,true},{"213",29,13,13,"i"},{C,30,13,17,"table",{"remove"}},{C,36,9,19,"_STACK_PUSH"},{A,45,1,28,2,E,H},{F,45,10,20,H,nil,nil,true},{A,56,1,38,5,E,I},{F,56,10,21,I,nil,nil,true},{C,57,26,35,K},{C,57,62,71,J},{C,60,20,29,J},{C,62,20,29,K},{C,62,56,65,J},{C,67,16,25,K}},{},{4,27,0,26,57,2,0,16,28,10,25,117,3,0,18,21,15,18,25,23,43,44,25,29,11,7,0,25,57,46,11,51,47,40,37,49,8,20,7,3,0,16,65,10,28,25,20,7,12,3,0,68,21,24,10,38,104,18,23,47,8,100,7,0,40,39,58,26,15,11,7,3},{L,L,L,L,L,[8]=L,[9]=L,[10]=L,[15]=L,[16]=L,[17]=L,[18]=L,[42]=L,[43]=L,[44]=L,[52]=L,[53]=L,[54]=L,[55]=L}}
f:\dropbox\proj\code\dev\plume\plume\plume
1768490128
return {{{"011",3,28,28,"expected statement near '$'"}},{},{},{}}
